id,createdAt,updatedAt,availability,bodyFitSectionId,browseScore,connectionType,price,ratingValue,reviewCount,sellerId,artTypes,bodyFitSections,bodyFitShapes,colors,productTypes,styles,materials
bd1fc40e-5da6-4548-9931-ccd2dcf8a004,2025-02-12T22:59:37.680Z,2025-02-12T22:59:37.680Z,IN_STOCK,,1,SCRAPED,6500,5,52,fe5b5102-1003-4811-ada4-04f543a044d9,['fashion'],[],[],['Black'],"['hoodies, outerwear']",[],"['Cotton', 'Polyester', 'Unknown', 'Wool']"
3f59e18f-c185-41f7-b110-811888a6e661,2025-02-12T22:59:37.693Z,2025-02-12T22:59:37.693Z,IN_STOCK,,1,SCRAPED,7500,5,264,fe5b5102-1003-4811-ada4-04f543a044d9,['fashion'],[],[],['Black'],"['hoods, headwear']",[],"['Cotton', 'Polyester', 'Unknown', 'Wool']"
d52ea8c9-650e-4201-a83d-1aaf92a7a6c3,2025-02-12T22:59:37.876Z,2025-02-12T22:59:37.876Z,IN_STOCK,,1,SCRAPED,14500,5,264,fe5b5102-1003-4811-ada4-04f543a044d9,['fashion'],[],[],['Black'],['outerwear'],[],"['Cotton', 'Polyester', 'Unknown', 'Wool']"
0130d6e6-a279-4510-a96f-5172a86c4e7d,2025-02-12T22:59:38.019Z,2025-02-12T22:59:38.019Z,IN_STOCK,,1,SCRAPED,17500,5,264,fe5b5102-1003-4811-ada4-04f543a044d9,['fashion'],[],[],['Grey'],"['hoods, headwear']",[],['Wool']
7b60c6bc-412d-45db-9528-d6c9fe429f59,2025-02-12T22:59:38.067Z,2025-02-12T22:59:38.067Z,IN_STOCK,,1,SCRAPED,18500,5,264,fe5b5102-1003-4811-ada4-04f543a044d9,['fashion'],[],[],['Black'],"['hoods, headwear']",[],"['Cotton', 'Polyester', 'Unknown', 'Wool']"
66d6efb2-732e-42a9-93e5-1f3fba9051c4,2025-02-12T22:59:37.688Z,2025-02-12T22:59:37.688Z,IN_STOCK,,1,SCRAPED,17500,5,264,fe5b5102-1003-4811-ada4-04f543a044d9,['fashion'],[],[],"['Green, Grey']","['hoods, headwear']",[],['Wool']
c3339f2e-d20c-45cd-835d-109629fe53cf,2025-02-12T22:59:37.869Z,2025-02-12T22:59:37.869Z,IN_STOCK,,1,SCRAPED,7500,5,264,fe5b5102-1003-4811-ada4-04f543a044d9,['fashion'],[],[],"['Black, Gold, Brown']","['hoods, headwear']",[],['Wool']
dbdf463e-9551-4012-8b01-7f1317084d28,2025-02-12T22:59:38.111Z,2025-02-12T22:59:38.111Z,IN_STOCK,,1,SCRAPED,7865,5,264,fe5b5102-1003-4811-ada4-04f543a044d9,['fashion'],[],[],[''],"['hoods, headwear']",[],"['Cotton', 'Unknown', 'Wool']"
cbf406f5-151d-4765-acda-c0b5d702896d,2025-02-12T22:59:38.138Z,2025-02-12T22:59:38.138Z,IN_STOCK,,1,SCRAPED,6500,5,9,fe5b5102-1003-4811-ada4-04f543a044d9,['fashion'],[],[],"['Grey, White']",['accessories'],[],['Unknown']
6381ed60-66e6-4895-adee-08fcc6059409,2025-02-12T22:59:38.100Z,2025-02-12T22:59:38.100Z,IN_STOCK,,1,SCRAPED,6500,5,264,fe5b5102-1003-4811-ada4-04f543a044d9,['fashion'],[],[],"['Black, White']","['hoods, headwear']","['Sportsy', 'Test']","['Cotton', 'Wool']"
248d4b38-57c9-45f3-aa24-11e5941d3c32,2025-02-12T22:59:38.223Z,2025-02-12T22:59:38.223Z,IN_STOCK,,1,SCRAPED,6500,5,28,fe5b5102-1003-4811-ada4-04f543a044d9,['fashion'],[],[],"['Grey, White']",['accessories'],['Test'],"['Unknown', 'Wool']"
1aa8c122-86d0-4ac2-a066-11fbef5a2f41,2025-02-12T22:59:38.320Z,2025-02-12T22:59:38.320Z,IN_STOCK,,1,SCRAPED,7500,5,264,fe5b5102-1003-4811-ada4-04f543a044d9,['fashion'],[],[],['Black'],"['hoodies, outerwear']",[],"['Cotton', 'Polyester', 'Unknown', 'Wool']"
14c1b791-63c6-4af3-bef7-5ba4be6c436a,2025-02-12T22:59:38.213Z,2025-02-12T22:59:38.213Z,IN_STOCK,,1,SCRAPED,6500,5,264,fe5b5102-1003-4811-ada4-04f543a044d9,['fashion'],[],[],"['Brown, White, Black']",['accessories'],[],['Unknown']
71a87432-b297-40f0-aea4-0a542102b3e7,2025-02-12T22:59:38.324Z,2025-02-12T22:59:38.324Z,IN_STOCK,,1,SCRAPED,8500,5,264,fe5b5102-1003-4811-ada4-04f543a044d9,['fashion'],[],[],[''],"['hoods, headwear']",[],"['Cotton', 'Unknown', 'Wool']"
7fce7335-8397-43e0-b29f-c0db3849703e,2025-02-12T22:59:38.333Z,2025-02-12T22:59:38.333Z,IN_STOCK,,1,SCRAPED,7500,5,264,fe5b5102-1003-4811-ada4-04f543a044d9,['fashion'],[],[],['Brown'],"['hoods, headwear']",[],"['Cotton', 'Wool']"
a5750d0e-4ccd-4d9a-8227-2cf637b2b465,2025-02-12T22:59:38.351Z,2025-02-12T22:59:38.351Z,IN_STOCK,,1,SCRAPED,7500,5,264,fe5b5102-1003-4811-ada4-04f543a044d9,['fashion'],[],[],[''],"['hoods, headwear']",[],"['Cotton', 'Unknown', 'Wool']"
7b4e35e3-ad16-4ecf-8dfa-fbad01fb1dfb,2025-02-12T22:59:38.393Z,2025-02-12T22:59:38.393Z,IN_STOCK,,1,SCRAPED,6500,5,264,fe5b5102-1003-4811-ada4-04f543a044d9,['fashion'],[],[],"['Brown, Black']","['hoods, headwear']",[],['Wool']
511e2a59-462c-49d1-86be-b2b3ea0aed04,2025-02-12T22:59:38.327Z,2025-02-12T22:59:38.327Z,IN_STOCK,,1,SCRAPED,6500,5,264,fe5b5102-1003-4811-ada4-04f543a044d9,['fashion'],[],[],['Silver'],"['hoods, headwear']",[],"['Cotton', 'Wool']"
9ca9bc7d-683c-478b-bf2b-bc8e52788314,2025-02-12T22:59:38.357Z,2025-02-12T22:59:38.357Z,IN_STOCK,,1,SCRAPED,6500,5,264,fe5b5102-1003-4811-ada4-04f543a044d9,['fashion'],[],[],[''],"['hoodies, outerwear']",[],"['Cotton', 'Unknown', 'Wool']"
6ef25a4a-c7eb-419f-b24f-ab5f00abda7e,2025-02-12T22:59:38.391Z,2025-02-12T22:59:38.391Z,IN_STOCK,,1,SCRAPED,6500,5,264,fe5b5102-1003-4811-ada4-04f543a044d9,['fashion'],[],[],[''],"['hoods, headwear']",[],"['Cotton', 'Unknown', 'Wool']"
899084ef-ad57-4870-b6af-b08531128c40,2025-02-20T00:01:58.977Z,2025-02-20T00:01:58.977Z,IN_STOCK,,1,SCRAPED,2500,5,153,c280a97a-e6f1-4c33-8e40-0b2fd0271377,['home-goods'],[],[],"['Black, Red']","['mugs, kitchenware']",[],['Unknown']
6cd37a24-ebe3-4b8d-9037-f7c6eb6ff088,2025-02-20T00:01:58.970Z,2025-02-20T00:01:58.970Z,IN_STOCK,,1,SCRAPED,2500,5,153,c280a97a-e6f1-4c33-8e40-0b2fd0271377,['home-goods'],[],[],"['Black, Red']","['mugs, kitchenware']",[],['Unknown']
a8a55b19-76a9-4358-8c73-256a7ef04517,2025-02-20T00:01:59.002Z,2025-02-20T00:01:59.002Z,IN_STOCK,,1,SCRAPED,3000,5,153,c280a97a-e6f1-4c33-8e40-0b2fd0271377,['fashion'],"[{'id': 'd0815e12-6199-4be5-8a74-ad11b0a36ce2', 'bodyFitSection': {'id': 'ba6b4bc6-ac2b-4274-98f1-def2e6bd9d19', 'name': 'Unisex', 'value': 'UNISEX'}, 'createdAt': '2025-02-20T00:01:59.002Z', 'updatedAt': '2025-02-20T00:01:59.002Z'}]",[],"['Black, White']","['t-shirts, shirts, upper-body']",[],"['Cotton', 'Wool']"
c720e618-efea-4ba2-9a78-4ccf6f5877d4,2025-02-20T00:01:59.011Z,2025-02-20T00:01:59.011Z,IN_STOCK,,1,SCRAPED,2200,5,153,c280a97a-e6f1-4c33-8e40-0b2fd0271377,['fashion'],[],[],['White'],"['neck-ties, suit-&-tie-accessories, accessories']",[],"['Cotton', 'Unknown']"
85e0fa9c-51d3-42a8-8036-1c89cd000686,2025-02-20T00:01:59.028Z,2025-02-20T00:01:59.028Z,IN_STOCK,,1,SCRAPED,2500,5,153,c280a97a-e6f1-4c33-8e40-0b2fd0271377,['home-goods'],[],[],"['White, Black, Red']","['mugs, kitchenware']",[],['Unknown']
5e1890e2-da4d-49e1-8926-1feec38ec477,2025-02-20T00:01:59.033Z,2025-02-20T00:01:59.033Z,IN_STOCK,,1,SCRAPED,2500,5,153,c280a97a-e6f1-4c33-8e40-0b2fd0271377,['home-goods'],[],[],['Black'],"['mugs, kitchenware']",[],"['Cotton', 'Polyester', 'Unknown', 'Wool']"
55845af9-c609-4b92-9090-048423161b88,2025-02-20T00:01:59.236Z,2025-02-20T00:01:59.236Z,IN_STOCK,,1,SCRAPED,3000,5,153,c280a97a-e6f1-4c33-8e40-0b2fd0271377,['fashion'],"[{'id': '199fb23c-5070-4cce-ba9d-ca41c172a137', 'bodyFitSection': {'id': 'ba6b4bc6-ac2b-4274-98f1-def2e6bd9d19', 'name': 'Unisex', 'value': 'UNISEX'}, 'createdAt': '2025-02-20T00:01:59.236Z', 'updatedAt': '2025-02-20T00:01:59.236Z'}]",[],"['Black, White']","['t-shirts, shirts, upper-body']",[],"['Cotton', 'Wool']"
e631adee-f458-47d1-bb5c-3c1d839e5d8a,2025-02-20T00:01:59.242Z,2025-02-20T00:01:59.242Z,IN_STOCK,,1,SCRAPED,2830,5,153,c280a97a-e6f1-4c33-8e40-0b2fd0271377,['fashion'],[],[],['Green'],"['bandanas, wraps, accessories']",[],"['Cotton', 'Unknown', 'Wool']"
9f2819c3-4288-401e-8003-b9cbc26589a0,2025-02-20T00:01:59.345Z,2025-02-20T00:01:59.345Z,IN_STOCK,,1,SCRAPED,3000,5,153,c280a97a-e6f1-4c33-8e40-0b2fd0271377,['fashion'],"[{'id': 'ea1b6545-7145-453d-8472-32c33ad1572c', 'bodyFitSection': {'id': 'ba6b4bc6-ac2b-4274-98f1-def2e6bd9d19', 'name': 'Unisex', 'value': 'UNISEX'}, 'createdAt': '2025-02-20T00:01:59.345Z', 'updatedAt': '2025-02-20T00:01:59.345Z'}]",[],"['Black, White']","['t-shirts, shirts, upper-body']",[],"['Cotton', 'Wool']"
0eb74ef9-1a0f-4ce4-9a87-bae4a5bd95e7,2025-02-20T00:01:59.488Z,2025-02-20T00:01:59.488Z,IN_STOCK,,1,SCRAPED,2500,5,153,c280a97a-e6f1-4c33-8e40-0b2fd0271377,['home-goods'],[],[],"['Black, Red']","['mugs, kitchenware']",[],['Unknown']
29e3279b-1948-44f2-be8f-656172cca9ed,2025-02-20T00:02:01.659Z,2025-02-20T00:02:01.659Z,IN_STOCK,,1,SCRAPED,4000,5,153,c280a97a-e6f1-4c33-8e40-0b2fd0271377,['fashion'],"[{'id': 'f5f4cadd-eea2-4366-9300-02d766cf1028', 'bodyFitSection': {'id': 'ba6b4bc6-ac2b-4274-98f1-def2e6bd9d19', 'name': 'Unisex', 'value': 'UNISEX'}, 'createdAt': '2025-02-20T00:02:01.659Z', 'updatedAt': '2025-02-20T00:02:01.659Z'}]",[],['Brown'],"['t-shirts, shirts, upper-body']",[],"['Cotton', 'Wool']"
a0a4da38-7a5f-45fe-9896-f81b113ddc42,2025-02-20T00:02:01.715Z,2025-02-20T00:02:01.715Z,IN_STOCK,,1,SCRAPED,4000,5,153,c280a97a-e6f1-4c33-8e40-0b2fd0271377,['fashion'],"[{'id': '1ec07ddb-b390-464b-867b-fb3516eb2e22', 'bodyFitSection': {'id': 'ba6b4bc6-ac2b-4274-98f1-def2e6bd9d19', 'name': 'Unisex', 'value': 'UNISEX'}, 'createdAt': '2025-02-20T00:02:01.715Z', 'updatedAt': '2025-02-20T00:02:01.715Z'}]",[],[''],"['t-shirts, shirts, upper-body']",[],"['Cotton', 'Unknown', 'Wool']"
efcb4ded-df8f-4bed-a698-2098cc3fcf66,2025-02-20T00:01:59.245Z,2025-02-20T00:01:59.245Z,IN_STOCK,,1,SCRAPED,2500,5,153,c280a97a-e6f1-4c33-8e40-0b2fd0271377,['home-goods'],[],[],"['Gold, Rainbow, Black, Red']","['mugs, kitchenware']",[],['Unknown']
e87ac449-d50b-477c-8306-fe22a131d87f,2025-02-20T00:01:59.492Z,2025-02-20T00:01:59.492Z,IN_STOCK,,1,SCRAPED,2500,5,153,c280a97a-e6f1-4c33-8e40-0b2fd0271377,['home-goods'],[],[],"['Black, Red']","['mugs, kitchenware']",[],['Unknown']
2969441c-0356-428f-a859-519c8d5df504,2025-02-20T00:01:59.506Z,2025-02-20T00:01:59.506Z,IN_STOCK,,1,SCRAPED,2500,5,153,c280a97a-e6f1-4c33-8e40-0b2fd0271377,['home-goods'],[],[],"['Blue, Black, Red']","['mugs, kitchenware']",[],['Unknown']
89b5377e-e344-45f8-b062-f74508041fd7,2025-02-20T00:01:59.537Z,2025-02-20T00:01:59.537Z,IN_STOCK,,1,SCRAPED,2500,5,9,c280a97a-e6f1-4c33-8e40-0b2fd0271377,['home-goods'],[],[],"['Black, Red']","['mugs, kitchenware']",[],['Unknown']
510a6357-6de1-4dfb-9971-c7ea8fdef382,2025-02-20T00:01:59.561Z,2025-02-20T00:01:59.561Z,IN_STOCK,,1,SCRAPED,2500,5,153,c280a97a-e6f1-4c33-8e40-0b2fd0271377,['home-goods'],[],[],"['Blue, Black, Red']","['mugs, kitchenware']",[],['Unknown']
7274c394-030a-4d81-8d21-8d211356b61c,2025-02-20T00:01:59.250Z,2025-02-20T00:01:59.250Z,IN_STOCK,,1,SCRAPED,4528,5,153,c280a97a-e6f1-4c33-8e40-0b2fd0271377,['fashion'],"[{'id': 'de732478-fa1f-4ec4-a225-2b286134dfa0', 'bodyFitSection': {'id': 'ba6b4bc6-ac2b-4274-98f1-def2e6bd9d19', 'name': 'Unisex', 'value': 'UNISEX'}, 'createdAt': '2025-02-20T00:01:59.250Z', 'updatedAt': '2025-02-20T00:01:59.250Z'}]",[],[''],"['t-shirts, shirts, upper-body']",[],"['Cotton', 'Unknown', 'Wool']"
5cace631-9336-45bc-9e83-d7a705d04eeb,2025-02-20T00:01:59.343Z,2025-02-20T00:01:59.343Z,IN_STOCK,,1,SCRAPED,2500,5,153,c280a97a-e6f1-4c33-8e40-0b2fd0271377,['home-goods'],[],[],['Black'],"['mugs, kitchenware']",[],"['Cotton', 'Polyester', 'Unknown', 'Wool']"
a32b5b0a-8458-4d38-aecf-2cb89e71a0c3,2025-02-20T00:01:59.426Z,2025-02-20T00:01:59.426Z,IN_STOCK,,1,SCRAPED,2500,5,153,c280a97a-e6f1-4c33-8e40-0b2fd0271377,['home-goods'],[],[],"['Black, Red']","['mugs, kitchenware']",[],['Unknown']
be8de9fc-5912-47ed-8936-252903f918ff,2025-02-20T00:01:59.485Z,2025-02-20T00:01:59.485Z,IN_STOCK,,1,SCRAPED,2500,5,153,c280a97a-e6f1-4c33-8e40-0b2fd0271377,['home-goods'],[],[],"['Red, Black']","['mugs, kitchenware']",[],['Unknown']
59a79d82-4ab8-45dd-92c2-74ef919bcdd9,2025-02-20T00:01:59.761Z,2025-02-20T00:01:59.761Z,IN_STOCK,,1,SCRAPED,4000,5,153,c280a97a-e6f1-4c33-8e40-0b2fd0271377,['fashion'],"[{'id': '2dcfe5b6-927f-4373-bdcb-9d08eb49a669', 'bodyFitSection': {'id': 'ba6b4bc6-ac2b-4274-98f1-def2e6bd9d19', 'name': 'Unisex', 'value': 'UNISEX'}, 'createdAt': '2025-02-20T00:01:59.761Z', 'updatedAt': '2025-02-20T00:01:59.761Z'}]",[],[''],"['t-shirts, shirts, upper-body']",[],"['Cotton', 'Unknown', 'Wool']"
f85e372c-b90d-46c9-87c2-06ff76fe754d,2025-02-20T00:01:59.497Z,2025-02-20T00:01:59.497Z,IN_STOCK,,1,SCRAPED,2500,5,153,c280a97a-e6f1-4c33-8e40-0b2fd0271377,['fashion'],[],[],['Rainbow'],"['bandanas, wraps, accessories']",[],['Unknown']
3a73657f-5b3c-4ada-9eb8-6021e29e6933,2025-02-20T00:01:59.643Z,2025-02-20T00:01:59.643Z,IN_STOCK,,1,SCRAPED,2500,5,153,c280a97a-e6f1-4c33-8e40-0b2fd0271377,['fashion'],"[{'id': '56a2d931-e832-49a8-9f59-c9f75993d580', 'bodyFitSection': {'id': 'ba6b4bc6-ac2b-4274-98f1-def2e6bd9d19', 'name': 'Unisex', 'value': 'UNISEX'}, 'createdAt': '2025-02-20T00:01:59.643Z', 'updatedAt': '2025-02-20T00:01:59.643Z'}]",[],"['Gold, Black']","['t-shirts, shirts, upper-body']",[],['Cotton']
3c4b3139-9aa3-4e44-a919-f1d4102a0c7b,2025-02-20T00:01:59.759Z,2025-02-20T00:01:59.759Z,IN_STOCK,,1,SCRAPED,2000,5,153,c280a97a-e6f1-4c33-8e40-0b2fd0271377,['home-goods'],[],[],[''],"['mugs, kitchenware']",[],"['Cotton', 'Unknown', 'Wool']"
95d8c1a4-168a-4e5c-b1be-ec782214c8c3,2025-02-20T00:01:59.793Z,2025-02-20T00:01:59.793Z,IN_STOCK,,1,SCRAPED,2500,5,153,c280a97a-e6f1-4c33-8e40-0b2fd0271377,['fashion'],"[{'id': 'd5c9a2f1-1b90-421d-8a8f-a14d08b4a04a', 'bodyFitSection': {'id': 'ba6b4bc6-ac2b-4274-98f1-def2e6bd9d19', 'name': 'Unisex', 'value': 'UNISEX'}, 'createdAt': '2025-02-20T00:01:59.793Z', 'updatedAt': '2025-02-20T00:01:59.793Z'}]",[],['Black'],"['t-shirts, shirts, upper-body']",[],"['Cotton', 'Polyester', 'Unknown', 'Wool']"
017a0dcd-de3a-4c7a-bb78-31b485a9511d,2025-02-20T00:01:59.840Z,2025-02-20T00:01:59.840Z,IN_STOCK,,1,SCRAPED,2500,5,153,c280a97a-e6f1-4c33-8e40-0b2fd0271377,['fashion'],"[{'id': 'c55848f9-0f0e-4e1c-9444-62bd78be031b', 'bodyFitSection': {'id': 'ba6b4bc6-ac2b-4274-98f1-def2e6bd9d19', 'name': 'Unisex', 'value': 'UNISEX'}, 'createdAt': '2025-02-20T00:01:59.840Z', 'updatedAt': '2025-02-20T00:01:59.840Z'}]",[],"['Silver, Black, Red']","['t-shirts, shirts, upper-body']",[],"['Cotton', 'Unknown']"
177786a4-2810-49d4-97e5-f5ffb41e5a11,2025-02-20T00:01:59.989Z,2025-02-20T00:01:59.989Z,IN_STOCK,,1,SCRAPED,2500,5,153,c280a97a-e6f1-4c33-8e40-0b2fd0271377,['fashion'],[],[],[''],"['bandanas, wraps, accessories']",[],"['Cotton', 'Unknown', 'Wool']"
fdcf5075-2c07-44e5-8b0d-95c1c812dd09,2025-02-20T00:01:59.642Z,2025-02-20T00:01:59.642Z,IN_STOCK,,1,SCRAPED,2500,5,153,c280a97a-e6f1-4c33-8e40-0b2fd0271377,['fashion'],"[{'id': 'c86df0e5-7f40-45c5-a7e4-bbd746cadf97', 'bodyFitSection': {'id': 'ba6b4bc6-ac2b-4274-98f1-def2e6bd9d19', 'name': 'Unisex', 'value': 'UNISEX'}, 'createdAt': '2025-02-20T00:01:59.642Z', 'updatedAt': '2025-02-20T00:01:59.642Z'}]",[],"['Black, Green, White']","['t-shirts, shirts, upper-body']",[],['Cotton']
9ca24d62-7f1e-44a0-a8e8-bb7a75ab5d63,2025-02-20T00:01:59.718Z,2025-02-20T00:01:59.718Z,IN_STOCK,,1,SCRAPED,3025,5,153,c280a97a-e6f1-4c33-8e40-0b2fd0271377,['fashion'],"[{'id': 'c029eb42-47d9-4c55-99cd-868ff79b1b68', 'bodyFitSection': {'id': 'ba6b4bc6-ac2b-4274-98f1-def2e6bd9d19', 'name': 'Unisex', 'value': 'UNISEX'}, 'createdAt': '2025-02-20T00:01:59.718Z', 'updatedAt': '2025-02-20T00:01:59.718Z'}]",[],[''],"['t-shirts, shirts, upper-body']",[],"['Cotton', 'Unknown', 'Wool']"
ab0be54d-dd34-4ff5-a9b9-3364c1fef3e1,2025-02-20T00:01:59.754Z,2025-02-20T00:01:59.754Z,IN_STOCK,,1,SCRAPED,4000,5,153,c280a97a-e6f1-4c33-8e40-0b2fd0271377,['fashion'],"[{'id': '1b4e9286-7763-412e-afe0-3dacc23d5a23', 'bodyFitSection': {'id': 'ba6b4bc6-ac2b-4274-98f1-def2e6bd9d19', 'name': 'Unisex', 'value': 'UNISEX'}, 'createdAt': '2025-02-20T00:01:59.754Z', 'updatedAt': '2025-02-20T00:01:59.754Z'}]",[],[''],"['t-shirts, shirts, upper-body']",[],"['Cotton', 'Unknown', 'Wool']"
da01475d-0d03-4361-9c86-efd25268de39,2025-02-20T00:02:00.078Z,2025-02-20T00:02:00.078Z,IN_STOCK,,1,SCRAPED,2500,5,4,c280a97a-e6f1-4c33-8e40-0b2fd0271377,['home-goods'],[],[],"['Black, Red']","['mugs, kitchenware']",[],['Unknown']
a0f7d832-7453-493b-975d-58c21bc795a9,2025-02-20T00:02:00.089Z,2025-02-20T00:02:00.089Z,IN_STOCK,,1,SCRAPED,2500,5,153,c280a97a-e6f1-4c33-8e40-0b2fd0271377,['home-goods'],[],[],[''],"['mugs, kitchenware']",[],"['Cotton', 'Unknown', 'Wool']"
c713ede7-d53a-44de-947d-05ff29b54739,2025-02-20T00:02:01.133Z,2025-02-20T00:02:01.133Z,IN_STOCK,,1,SCRAPED,4000,5,153,c280a97a-e6f1-4c33-8e40-0b2fd0271377,['fashion'],"[{'id': 'e9686600-8df5-4973-9366-038d22c5fae0', 'bodyFitSection': {'id': 'ba6b4bc6-ac2b-4274-98f1-def2e6bd9d19', 'name': 'Unisex', 'value': 'UNISEX'}, 'createdAt': '2025-02-20T00:02:01.133Z', 'updatedAt': '2025-02-20T00:02:01.133Z'}]",[],[''],"['t-shirts, shirts, upper-body']",[],"['Cotton', 'Unknown', 'Wool']"
de7a4c91-ee0f-45a8-8e58-f179255ff79e,2025-02-20T00:01:59.782Z,2025-02-20T00:01:59.782Z,IN_STOCK,,1,SCRAPED,2500,5,153,c280a97a-e6f1-4c33-8e40-0b2fd0271377,['home-goods'],[],[],"['Black, Red']","['mugs, kitchenware']",[],['Unknown']
aa149bb4-ae9f-4b94-ae9e-6abf8f7fed7a,2025-02-20T00:01:59.852Z,2025-02-20T00:01:59.852Z,IN_STOCK,,1,SCRAPED,2500,5,153,c280a97a-e6f1-4c33-8e40-0b2fd0271377,['fashion'],"[{'id': '5c20f9eb-58de-4c90-9d9e-a0f177de8f6f', 'bodyFitSection': {'id': 'ba6b4bc6-ac2b-4274-98f1-def2e6bd9d19', 'name': 'Unisex', 'value': 'UNISEX'}, 'createdAt': '2025-02-20T00:01:59.852Z', 'updatedAt': '2025-02-20T00:01:59.852Z'}]",[],"['Black, Brown']","['t-shirts, shirts, upper-body']",[],['Cotton']
8ad760c6-e364-4790-87aa-239bfe3fe2e2,2025-02-20T00:01:59.982Z,2025-02-20T00:01:59.982Z,IN_STOCK,,1,SCRAPED,1300,5,153,c280a97a-e6f1-4c33-8e40-0b2fd0271377,['fashion'],"[{'id': '1ffc747f-9327-4c17-9ed6-4f730482bbfd', 'bodyFitSection': {'id': 'ba6b4bc6-ac2b-4274-98f1-def2e6bd9d19', 'name': 'Unisex', 'value': 'UNISEX'}, 'createdAt': '2025-02-20T00:01:59.982Z', 'updatedAt': '2025-02-20T00:01:59.982Z'}]",[],[''],"['face-masks, face, headwear']",[],"['Cotton', 'Unknown', 'Wool']"
1c346aa3-9535-4ff0-a203-b6a62173e193,2025-02-20T00:02:00.075Z,2025-02-20T00:02:00.075Z,IN_STOCK,,1,SCRAPED,2500,5,153,c280a97a-e6f1-4c33-8e40-0b2fd0271377,['fashion'],"[{'id': '67319776-8609-4ab6-990d-72d272c4aa0e', 'bodyFitSection': {'id': 'ba6b4bc6-ac2b-4274-98f1-def2e6bd9d19', 'name': 'Unisex', 'value': 'UNISEX'}, 'createdAt': '2025-02-20T00:02:00.075Z', 'updatedAt': '2025-02-20T00:02:00.075Z'}]",[],"['Black, Brown']","['t-shirts, shirts, upper-body']",[],['Cotton']
30bb9522-36c1-4a3d-ad34-fc0d78b27d09,2025-02-20T00:02:00.092Z,2025-02-20T00:02:00.092Z,IN_STOCK,,1,SCRAPED,2500,5,153,c280a97a-e6f1-4c33-8e40-0b2fd0271377,['home-goods'],[],[],"['Black, Red']","['mugs, kitchenware']",[],['Unknown']
87b7d7a5-1316-4949-a005-d4ec3fb136b8,2025-02-20T00:02:00.071Z,2025-02-20T00:02:00.071Z,IN_STOCK,,1,SCRAPED,4000,5,153,c280a97a-e6f1-4c33-8e40-0b2fd0271377,['fashion'],"[{'id': 'e4a4b802-b48f-4ad4-818d-9d77c58b1581', 'bodyFitSection': {'id': 'ba6b4bc6-ac2b-4274-98f1-def2e6bd9d19', 'name': 'Unisex', 'value': 'UNISEX'}, 'createdAt': '2025-02-20T00:02:00.071Z', 'updatedAt': '2025-02-20T00:02:00.071Z'}]",[],['White'],"['t-shirts, shirts, upper-body']",[],"['Cotton', 'Unknown']"
a9ba9d21-ea95-4284-88c5-6b96e16bbaaa,2025-02-20T00:02:00.085Z,2025-02-20T00:02:00.085Z,IN_STOCK,,1,SCRAPED,2500,5,153,c280a97a-e6f1-4c33-8e40-0b2fd0271377,['fashion'],"[{'id': '1d7b4e4f-c961-4225-a8bd-59cfebffa22f', 'bodyFitSection': {'id': 'ba6b4bc6-ac2b-4274-98f1-def2e6bd9d19', 'name': 'Unisex', 'value': 'UNISEX'}, 'createdAt': '2025-02-20T00:02:00.085Z', 'updatedAt': '2025-02-20T00:02:00.085Z'}]",[],['Black'],"['t-shirts, shirts, upper-body']",[],"['Cotton', 'Polyester', 'Unknown', 'Wool']"
e48602ae-2417-47a3-b6a1-849ea0b1984e,2025-02-20T00:02:00.140Z,2025-02-20T00:02:00.140Z,IN_STOCK,,1,SCRAPED,3025,5,153,c280a97a-e6f1-4c33-8e40-0b2fd0271377,['home-goods'],[],[],"['Blue, Black, Red']","['mugs, kitchenware']",[],['Unknown']
e285088b-914d-49dc-9629-f7888d1f587b,2025-02-20T00:02:00.212Z,2025-02-20T00:02:00.212Z,IN_STOCK,,1,SCRAPED,2830,5,153,c280a97a-e6f1-4c33-8e40-0b2fd0271377,['home-goods'],[],[],"['Black, Red']","['mugs, kitchenware']",[],['Unknown']
8c65e3de-27d9-481b-844b-130eb801a6b8,2025-02-20T00:02:00.502Z,2025-02-20T00:02:00.502Z,IN_STOCK,,1,SCRAPED,2830,5,153,c280a97a-e6f1-4c33-8e40-0b2fd0271377,['home-goods'],[],[],"['Black, Red']","['mugs, kitchenware']",[],['Unknown']
9978efc3-2455-487b-a369-059689a1c294,2025-02-20T00:02:00.137Z,2025-02-20T00:02:00.137Z,IN_STOCK,,1,SCRAPED,2500,5,153,c280a97a-e6f1-4c33-8e40-0b2fd0271377,['home-goods'],[],[],"['Black, Red']","['mugs, kitchenware']",[],['Unknown']
498672ba-dd32-4130-b7b1-42e6886d85df,2025-02-20T00:02:00.212Z,2025-02-20T00:02:00.212Z,IN_STOCK,,1,SCRAPED,2500,5,153,c280a97a-e6f1-4c33-8e40-0b2fd0271377,['home-goods'],[],[],['Red'],"['mugs, kitchenware']",[],['Unknown']
975bf39f-c7f4-4c82-8b45-82b0eea3c06a,2025-02-20T00:02:00.320Z,2025-02-20T00:02:00.320Z,IN_STOCK,,1,SCRAPED,2500,5,153,c280a97a-e6f1-4c33-8e40-0b2fd0271377,['fashion'],[],[],[''],"['bandanas, wraps, accessories']",[],"['Cotton', 'Unknown', 'Wool']"
6477f1e0-0489-4c9e-bfd1-e1832e240921,2025-02-20T00:02:00.332Z,2025-02-20T00:02:00.332Z,IN_STOCK,,1,SCRAPED,2500,5,153,c280a97a-e6f1-4c33-8e40-0b2fd0271377,['fashion'],"[{'id': 'bbc4472c-c5c6-4432-b386-1ce825870ece', 'bodyFitSection': {'id': 'ba6b4bc6-ac2b-4274-98f1-def2e6bd9d19', 'name': 'Unisex', 'value': 'UNISEX'}, 'createdAt': '2025-02-20T00:02:00.332Z', 'updatedAt': '2025-02-20T00:02:00.332Z'}]",[],['Silver'],"['t-shirts, shirts, upper-body']",[],"['Cotton', 'Wool']"
f4a54d18-7b94-46e7-b23c-1cfb86ed2f77,2025-02-20T00:02:00.514Z,2025-02-20T00:02:00.514Z,IN_STOCK,,1,SCRAPED,2500,5,153,c280a97a-e6f1-4c33-8e40-0b2fd0271377,['fashion'],[],[],"['Gold, White, Red, Black']","['t-shirts, shirts, upper-body']",[],['Cotton']
873c7830-bc27-46dd-9470-ef021b3460e4,2025-02-20T00:02:00.311Z,2025-02-20T00:02:00.311Z,IN_STOCK,,1,SCRAPED,2500,5,153,c280a97a-e6f1-4c33-8e40-0b2fd0271377,['home-goods'],[],[],"['Black, Red']","['mugs, kitchenware']",[],['Unknown']
952b5c6e-ae2a-42a7-93e6-4b7b96327bc7,2025-02-20T00:02:00.323Z,2025-02-20T00:02:00.323Z,IN_STOCK,,1,SCRAPED,2500,5,153,c280a97a-e6f1-4c33-8e40-0b2fd0271377,['fashion'],[],[],[''],"['bandanas, wraps, accessories']",[],"['Cotton', 'Unknown', 'Wool']"
e94b585e-b15a-4fd8-82df-e343134c36a8,2025-02-20T00:02:00.342Z,2025-02-20T00:02:00.342Z,IN_STOCK,,1,SCRAPED,2500,5,153,c280a97a-e6f1-4c33-8e40-0b2fd0271377,['home-goods'],[],[],"['White, Black, Red']","['mugs, kitchenware']",[],['Unknown']
54d6ef6e-85cf-45df-8d86-736b52015583,2025-02-20T00:02:00.428Z,2025-02-20T00:02:00.428Z,IN_STOCK,,1,SCRAPED,2500,5,153,c280a97a-e6f1-4c33-8e40-0b2fd0271377,['home-goods'],[],[],"['Blue, Black, Red']","['mugs, kitchenware']",[],['Unknown']
814d4887-3853-4be2-b3f1-6764479d76af,2025-02-20T00:02:00.350Z,2025-02-20T00:02:00.350Z,IN_STOCK,,1,SCRAPED,2500,5,153,c280a97a-e6f1-4c33-8e40-0b2fd0271377,['home-goods'],[],[],"['Green, Black, Red']","['mugs, kitchenware']",[],['Unknown']
e80d7719-101c-40a8-987b-28300e7e6bcc,2025-02-20T00:02:00.424Z,2025-02-20T00:02:00.424Z,IN_STOCK,,1,SCRAPED,2830,5,153,c280a97a-e6f1-4c33-8e40-0b2fd0271377,['home-goods'],[],[],"['Black, Red']","['mugs, kitchenware']",[],['Unknown']
4d9a9cb0-79d6-49e6-8860-5df3725dd874,2025-02-20T00:02:00.609Z,2025-02-20T00:02:00.609Z,IN_STOCK,,1,SCRAPED,4000,5,153,c280a97a-e6f1-4c33-8e40-0b2fd0271377,['fashion'],"[{'id': '808dee60-3784-4b66-a2d9-54c055f05da6', 'bodyFitSection': {'id': 'ba6b4bc6-ac2b-4274-98f1-def2e6bd9d19', 'name': 'Unisex', 'value': 'UNISEX'}, 'createdAt': '2025-02-20T00:02:00.609Z', 'updatedAt': '2025-02-20T00:02:00.609Z'}]",[],['Black'],"['t-shirts, shirts, upper-body']",[],"['Cotton', 'Polyester', 'Unknown', 'Wool']"
1109efea-940a-4003-80b2-7d4f16a56409,2025-02-20T00:02:00.751Z,2025-02-20T00:02:00.751Z,IN_STOCK,,1,SCRAPED,2500,5,153,c280a97a-e6f1-4c33-8e40-0b2fd0271377,['fashion'],"[{'id': 'c7dca39d-6369-4c62-b471-02ee2f740e33', 'bodyFitSection': {'id': 'ba6b4bc6-ac2b-4274-98f1-def2e6bd9d19', 'name': 'Unisex', 'value': 'UNISEX'}, 'createdAt': '2025-02-20T00:02:00.751Z', 'updatedAt': '2025-02-20T00:02:00.751Z'}]",[],"['Black, Brown']","['t-shirts, shirts, upper-body']",[],['Cotton']
a2a32998-9764-46ea-903a-090851f80bd4,2025-02-20T00:02:00.600Z,2025-02-20T00:02:00.600Z,IN_STOCK,,1,SCRAPED,2500,5,153,c280a97a-e6f1-4c33-8e40-0b2fd0271377,['home-goods'],[],[],"['Black, Red']","['mugs, kitchenware']",[],['Unknown']
5a3dc526-6498-41e0-9588-6168f3526953,2025-02-20T00:02:00.621Z,2025-02-20T00:02:00.621Z,IN_STOCK,,1,SCRAPED,2830,5,153,c280a97a-e6f1-4c33-8e40-0b2fd0271377,['home-goods'],[],[],"['Black, Red']","['mugs, kitchenware']",[],['Unknown']
38301d73-2493-41ee-bf27-f3c4a8b527b3,2025-02-20T00:02:00.637Z,2025-02-20T00:02:00.637Z,IN_STOCK,,1,SCRAPED,2500,5,153,c280a97a-e6f1-4c33-8e40-0b2fd0271377,['fashion'],"[{'id': '2d52ecc5-4d50-4a2c-92d7-820ddc1a4941', 'bodyFitSection': {'id': 'ba6b4bc6-ac2b-4274-98f1-def2e6bd9d19', 'name': 'Unisex', 'value': 'UNISEX'}, 'createdAt': '2025-02-20T00:02:00.637Z', 'updatedAt': '2025-02-20T00:02:00.637Z'}]",[],['White'],"['t-shirts, shirts, upper-body']",[],"['Cotton', 'Unknown']"
8fc9fcc9-b89d-407f-a3b3-05c0e1283973,2025-02-20T00:02:00.661Z,2025-02-20T00:02:00.661Z,IN_STOCK,,1,SCRAPED,2500,5,153,c280a97a-e6f1-4c33-8e40-0b2fd0271377,['home-goods'],[],[],"['Purple, Black, Red']","['mugs, kitchenware']",[],['Unknown']
75175bf6-4227-405d-af50-fafe69c57c1f,2025-02-20T00:02:00.697Z,2025-02-20T00:02:00.697Z,IN_STOCK,,1,SCRAPED,2264,5,153,c280a97a-e6f1-4c33-8e40-0b2fd0271377,['home-goods'],[],[],['Green'],"['mugs, kitchenware']",[],"['Cotton', 'Unknown', 'Wool']"
27e3d080-dc88-4e60-822e-ff28cb46badb,2025-02-20T00:02:00.746Z,2025-02-20T00:02:00.746Z,IN_STOCK,,1,SCRAPED,2000,5,153,c280a97a-e6f1-4c33-8e40-0b2fd0271377,['home-goods'],[],[],[''],"['mugs, kitchenware']",[],"['Cotton', 'Unknown', 'Wool']"
46196ee4-c4b6-4139-b9ed-9c12e0cd8bf8,2025-02-20T00:02:00.956Z,2025-02-20T00:02:00.956Z,IN_STOCK,,1,SCRAPED,2500,5,153,c280a97a-e6f1-4c33-8e40-0b2fd0271377,['home-goods'],[],[],['Black'],"['mugs, kitchenware']",[],"['Cotton', 'Polyester', 'Unknown', 'Wool']"
bc67fb88-d667-471d-9d7c-002d049180d9,2025-02-20T00:02:01.030Z,2025-02-20T00:02:01.030Z,IN_STOCK,,1,SCRAPED,2500,5,153,c280a97a-e6f1-4c33-8e40-0b2fd0271377,['fashion'],[],[],"['Silver, Black, White']","['t-shirts, shirts, upper-body']",[],['Cotton']
80730ab9-03a6-46d0-ba4a-b1f5b17926dc,2025-02-20T00:02:01.096Z,2025-02-20T00:02:01.096Z,IN_STOCK,,1,SCRAPED,2500,5,153,c280a97a-e6f1-4c33-8e40-0b2fd0271377,['home-goods'],[],[],"['Black, Red']","['mugs, kitchenware']",[],['Unknown']
5dd223ae-e64d-4bda-885b-34cd20cd7270,2025-02-20T00:02:00.948Z,2025-02-20T00:02:00.948Z,IN_STOCK,,1,SCRAPED,4000,5,153,c280a97a-e6f1-4c33-8e40-0b2fd0271377,['fashion'],"[{'id': '5280a066-730d-4e78-9b12-238e2dc2c89d', 'bodyFitSection': {'id': 'ba6b4bc6-ac2b-4274-98f1-def2e6bd9d19', 'name': 'Unisex', 'value': 'UNISEX'}, 'createdAt': '2025-02-20T00:02:00.948Z', 'updatedAt': '2025-02-20T00:02:00.948Z'}]",[],['Black'],"['masks, headwear']",[],"['Cotton', 'Polyester', 'Unknown', 'Wool']"
a17dda82-2131-4272-b2ba-c1cc08dc83ec,2025-02-20T00:02:01.034Z,2025-02-20T00:02:01.034Z,IN_STOCK,,1,SCRAPED,2830,5,153,c280a97a-e6f1-4c33-8e40-0b2fd0271377,['home-goods'],[],[],"['Rainbow, Black, Red']","['mugs, kitchenware']",[],['Unknown']
7d4ad2be-443c-4e43-8090-d7df6eb41caa,2025-02-20T00:02:01.049Z,2025-02-20T00:02:01.049Z,IN_STOCK,,1,SCRAPED,4840,5,153,c280a97a-e6f1-4c33-8e40-0b2fd0271377,['fashion'],"[{'id': 'c771ed8f-edee-47f7-ba1e-ce82d84ff9e0', 'bodyFitSection': {'id': 'ba6b4bc6-ac2b-4274-98f1-def2e6bd9d19', 'name': 'Unisex', 'value': 'UNISEX'}, 'createdAt': '2025-02-20T00:02:01.049Z', 'updatedAt': '2025-02-20T00:02:01.049Z'}]",[],['Silver'],"['t-shirts, shirts, upper-body']",[],"['Cotton', 'Wool']"
913e8958-544d-4016-891f-f177d4a0e81a,2025-02-20T00:02:01.088Z,2025-02-20T00:02:01.088Z,IN_STOCK,,1,SCRAPED,1472,5,153,c280a97a-e6f1-4c33-8e40-0b2fd0271377,['fashion'],"[{'id': 'b61dc597-bcdd-4a66-9a14-bf5446029b6f', 'bodyFitSection': {'id': 'ba6b4bc6-ac2b-4274-98f1-def2e6bd9d19', 'name': 'Unisex', 'value': 'UNISEX'}, 'createdAt': '2025-02-20T00:02:01.088Z', 'updatedAt': '2025-02-20T00:02:01.088Z'}]",[],['Green'],"['face-masks, face, headwear']",[],"['Cotton', 'Unknown', 'Wool']"
dc4bfc0d-ff75-4f33-af69-ed3edde0325f,2025-02-20T00:02:01.130Z,2025-02-20T00:02:01.130Z,IN_STOCK,,1,SCRAPED,2830,5,153,c280a97a-e6f1-4c33-8e40-0b2fd0271377,['home-goods'],[],[],"['Black, Red']","['mugs, kitchenware']",[],['Unknown']
162af944-f23c-41f1-a4db-19d32655afff,2025-02-20T00:02:01.127Z,2025-02-20T00:02:01.127Z,IN_STOCK,,1,SCRAPED,2500,5,153,c280a97a-e6f1-4c33-8e40-0b2fd0271377,['home-goods'],[],[],"['Black, Red']","['mugs, kitchenware']",[],['Unknown']
59b08e3d-14af-41d5-a98a-bc9c6d509b03,2025-02-20T00:02:01.326Z,2025-02-20T00:02:01.326Z,IN_STOCK,,1,SCRAPED,2500,5,153,c280a97a-e6f1-4c33-8e40-0b2fd0271377,['home-goods'],[],[],[''],"['mugs, kitchenware']",[],"['Cotton', 'Unknown', 'Wool']"
d016a1c9-c804-4f51-a4fb-5b644ba0bec9,2025-02-20T00:02:01.340Z,2025-02-20T00:02:01.340Z,IN_STOCK,,1,SCRAPED,2830,5,153,c280a97a-e6f1-4c33-8e40-0b2fd0271377,['home-goods'],[],[],"['White, Black, Red']","['mugs, kitchenware']",[],['Unknown']
470e5016-521a-46f9-99bc-941739141bb3,2025-02-20T00:02:01.436Z,2025-02-20T00:02:01.436Z,IN_STOCK,,1,SCRAPED,2000,5,153,c280a97a-e6f1-4c33-8e40-0b2fd0271377,['fashion'],"[{'id': '80c2cd33-ae6b-434b-af0e-caa7ddf2d593', 'bodyFitSection': {'id': 'ba6b4bc6-ac2b-4274-98f1-def2e6bd9d19', 'name': 'Unisex', 'value': 'UNISEX'}, 'createdAt': '2025-02-20T00:02:01.436Z', 'updatedAt': '2025-02-20T00:02:01.436Z'}]",[],"['Black, Blue, Green']","['t-shirts, shirts, upper-body']",[],['Cotton']
0562995b-9e8f-4c00-80ec-a74ce595dfbc,2025-02-20T00:02:01.522Z,2025-02-20T00:02:01.522Z,IN_STOCK,,1,SCRAPED,4000,5,153,c280a97a-e6f1-4c33-8e40-0b2fd0271377,['fashion'],"[{'id': 'e8e34e9b-ec8b-4863-a92c-ba22d5753952', 'bodyFitSection': {'id': 'ba6b4bc6-ac2b-4274-98f1-def2e6bd9d19', 'name': 'Unisex', 'value': 'UNISEX'}, 'createdAt': '2025-02-20T00:02:01.522Z', 'updatedAt': '2025-02-20T00:02:01.522Z'}]",[],[''],"['t-shirts, shirts, upper-body']",[],"['Cotton', 'Unknown', 'Wool']"
08838d88-2744-4dd6-8591-f465d90d33c3,2025-02-20T00:02:01.213Z,2025-02-20T00:02:01.213Z,IN_STOCK,,1,SCRAPED,2830,5,153,c280a97a-e6f1-4c33-8e40-0b2fd0271377,['fashion'],"[{'id': 'c4c7f773-6344-4860-b4da-130d7cbb92ba', 'bodyFitSection': {'id': 'ba6b4bc6-ac2b-4274-98f1-def2e6bd9d19', 'name': 'Unisex', 'value': 'UNISEX'}, 'createdAt': '2025-02-20T00:02:01.213Z', 'updatedAt': '2025-02-20T00:02:01.213Z'}]",[],[''],"['t-shirts, shirts, upper-body']",[],"['Cotton', 'Unknown', 'Wool']"
33560bc6-0910-4592-bc41-2aec2a9c0129,2025-02-20T00:02:01.316Z,2025-02-20T00:02:01.316Z,IN_STOCK,,1,SCRAPED,2500,5,153,c280a97a-e6f1-4c33-8e40-0b2fd0271377,['home-goods'],[],[],['Black'],"['mugs, kitchenware']",[],"['Cotton', 'Polyester', 'Unknown', 'Wool']"
bef6f4b1-8504-49d8-8bc9-e88fccf164c5,2025-02-20T00:02:01.353Z,2025-02-20T00:02:01.353Z,IN_STOCK,,1,SCRAPED,2830,5,153,c280a97a-e6f1-4c33-8e40-0b2fd0271377,['fashion'],"[{'id': 'a9e04c56-11b1-4680-977e-8457040ae20b', 'bodyFitSection': {'id': 'ba6b4bc6-ac2b-4274-98f1-def2e6bd9d19', 'name': 'Unisex', 'value': 'UNISEX'}, 'createdAt': '2025-02-20T00:02:01.353Z', 'updatedAt': '2025-02-20T00:02:01.353Z'}]",[],[''],"['t-shirts, shirts, upper-body']",[],"['Cotton', 'Unknown', 'Wool']"
1f1c483e-7c82-46a6-bb17-b3e3e4ed75de,2025-02-20T00:02:01.431Z,2025-02-20T00:02:01.431Z,IN_STOCK,,1,SCRAPED,2500,5,153,c280a97a-e6f1-4c33-8e40-0b2fd0271377,['home-goods'],[],[],"['Rainbow, Black, Red']","['mugs, kitchenware']",[],['Unknown']
bbb52820-6b42-4c81-b21d-f92fa08bc605,2025-02-20T00:02:01.523Z,2025-02-20T00:02:01.523Z,IN_STOCK,,1,SCRAPED,4000,5,153,c280a97a-e6f1-4c33-8e40-0b2fd0271377,['fashion'],"[{'id': '8f92e99c-33d3-4d33-aaa8-64cc18749deb', 'bodyFitSection': {'id': 'ba6b4bc6-ac2b-4274-98f1-def2e6bd9d19', 'name': 'Unisex', 'value': 'UNISEX'}, 'createdAt': '2025-02-20T00:02:01.523Z', 'updatedAt': '2025-02-20T00:02:01.523Z'}]",[],[''],"['t-shirts, shirts, upper-body']",[],"['Cotton', 'Unknown', 'Wool']"
c4fb9850-e731-44d9-9f1b-a0e101ff07ac,2025-02-20T00:02:01.213Z,2025-02-20T00:02:01.213Z,IN_STOCK,,1,SCRAPED,4000,5,153,c280a97a-e6f1-4c33-8e40-0b2fd0271377,['fashion'],"[{'id': '0ee55891-ce96-4ef1-8fb0-a0c77e3176e9', 'bodyFitSection': {'id': 'ba6b4bc6-ac2b-4274-98f1-def2e6bd9d19', 'name': 'Unisex', 'value': 'UNISEX'}, 'createdAt': '2025-02-20T00:02:01.213Z', 'updatedAt': '2025-02-20T00:02:01.213Z'}]",[],['Gold'],"['t-shirts, shirts, upper-body']",[],['Cotton']
93d428eb-be46-41d5-8e43-4887c44860f5,2025-02-20T00:02:01.320Z,2025-02-20T00:02:01.320Z,IN_STOCK,,1,SCRAPED,4000,5,153,c280a97a-e6f1-4c33-8e40-0b2fd0271377,['fashion'],"[{'id': 'fc8d4c9d-c222-4029-8c7f-3ec04f87ca98', 'bodyFitSection': {'id': 'ba6b4bc6-ac2b-4274-98f1-def2e6bd9d19', 'name': 'Unisex', 'value': 'UNISEX'}, 'createdAt': '2025-02-20T00:02:01.320Z', 'updatedAt': '2025-02-20T00:02:01.320Z'}]",[],['Brown'],"['t-shirts, shirts, upper-body']",[],"['Cotton', 'Wool']"
61449684-de3d-4559-b973-d21f1e7155c1,2025-02-20T00:02:01.349Z,2025-02-20T00:02:01.349Z,IN_STOCK,,1,SCRAPED,2500,5,153,c280a97a-e6f1-4c33-8e40-0b2fd0271377,['home-goods'],[],[],"['Yellow, Black, Red']","['mugs, kitchenware']",[],['Unknown']
84f39319-1ea5-4637-a640-c2491fd1bc28,2025-02-20T00:02:01.652Z,2025-02-20T00:02:01.652Z,IN_STOCK,,1,SCRAPED,4000,5,153,c280a97a-e6f1-4c33-8e40-0b2fd0271377,['fashion'],"[{'id': 'df33a8c4-244b-431e-b78a-d35eaff302ee', 'bodyFitSection': {'id': 'ba6b4bc6-ac2b-4274-98f1-def2e6bd9d19', 'name': 'Unisex', 'value': 'UNISEX'}, 'createdAt': '2025-02-20T00:02:01.652Z', 'updatedAt': '2025-02-20T00:02:01.652Z'}]",[],[''],"['t-shirts, shirts, upper-body']",[],"['Cotton', 'Unknown', 'Wool']"
8d470d28-7867-4555-ac38-cd4cc442ab83,2025-02-20T00:02:01.926Z,2025-02-20T00:02:01.926Z,IN_STOCK,,1,SCRAPED,2000,5,153,c280a97a-e6f1-4c33-8e40-0b2fd0271377,['home-goods'],[],[],[''],"['mugs, kitchenware']",[],"['Cotton', 'Unknown', 'Wool']"
757d067c-0252-4ab1-a4c4-722dc36f8b0d,2025-02-20T00:02:01.615Z,2025-02-20T00:02:01.615Z,IN_STOCK,,1,SCRAPED,4000,5,153,c280a97a-e6f1-4c33-8e40-0b2fd0271377,['fashion'],"[{'id': '798475c6-7665-4a18-8443-758c6d849ec1', 'bodyFitSection': {'id': 'ba6b4bc6-ac2b-4274-98f1-def2e6bd9d19', 'name': 'Unisex', 'value': 'UNISEX'}, 'createdAt': '2025-02-20T00:02:01.615Z', 'updatedAt': '2025-02-20T00:02:01.615Z'}]",[],['Gold'],"['t-shirts, shirts, upper-body']",[],['Cotton']
b582f4b3-62ba-4ab8-bdce-02ebcbf9c4a1,2025-02-20T00:02:01.645Z,2025-02-20T00:02:01.645Z,IN_STOCK,,1,SCRAPED,2500,5,153,c280a97a-e6f1-4c33-8e40-0b2fd0271377,['home-goods'],[],[],"['Black, Red']","['mugs, kitchenware']",[],['Unknown']
5e5cbde0-80e2-4b0b-a41a-a8cf7bde8914,2025-02-20T00:02:01.655Z,2025-02-20T00:02:01.655Z,IN_STOCK,,1,SCRAPED,4000,5,153,c280a97a-e6f1-4c33-8e40-0b2fd0271377,['fashion'],"[{'id': '3fe45319-6ac6-4ccf-8a66-8ee026f0e41f', 'bodyFitSection': {'id': 'ba6b4bc6-ac2b-4274-98f1-def2e6bd9d19', 'name': 'Unisex', 'value': 'UNISEX'}, 'createdAt': '2025-02-20T00:02:01.655Z', 'updatedAt': '2025-02-20T00:02:01.655Z'}]",[],[''],"['t-shirts, shirts, upper-body']",[],"['Cotton', 'Unknown', 'Wool']"
ce8d65db-1fd3-48ed-855a-8c675067b6e8,2025-02-20T00:02:01.802Z,2025-02-20T00:02:01.802Z,IN_STOCK,,1,SCRAPED,3000,5,153,c280a97a-e6f1-4c33-8e40-0b2fd0271377,['fashion'],"[{'id': '3ff28b90-4e14-4168-bb2a-4f76e0a4a4bc', 'bodyFitSection': {'id': 'ba6b4bc6-ac2b-4274-98f1-def2e6bd9d19', 'name': 'Unisex', 'value': 'UNISEX'}, 'createdAt': '2025-02-20T00:02:01.802Z', 'updatedAt': '2025-02-20T00:02:01.802Z'}]",[],"['Black, White']","['t-shirts, shirts, upper-body']",[],"['Cotton', 'Wool']"
c24906f6-45eb-4d67-b6bc-e9ee43df6ce0,2025-02-20T00:02:01.915Z,2025-02-20T00:02:01.915Z,IN_STOCK,,1,SCRAPED,1300,5,153,c280a97a-e6f1-4c33-8e40-0b2fd0271377,['fashion'],"[{'id': 'a50a62ca-81ba-4c96-a0e7-3edd1422d95c', 'bodyFitSection': {'id': 'ba6b4bc6-ac2b-4274-98f1-def2e6bd9d19', 'name': 'Unisex', 'value': 'UNISEX'}, 'createdAt': '2025-02-20T00:02:01.915Z', 'updatedAt': '2025-02-20T00:02:01.915Z'}]",[],[''],"['face-masks, face, headwear']",[],"['Cotton', 'Unknown', 'Wool']"
0f12235d-5b68-454e-84b6-bc6a67a8684e,2025-02-20T00:02:01.649Z,2025-02-20T00:02:01.649Z,IN_STOCK,,1,SCRAPED,2500,5,153,c280a97a-e6f1-4c33-8e40-0b2fd0271377,['fashion'],[],[],[''],"['bandanas, wraps, accessories']",[],"['Cotton', 'Unknown', 'Wool']"
84e568be-4b92-4324-a20f-1da9f9f893ba,2025-02-20T00:02:01.721Z,2025-02-20T00:02:01.721Z,IN_STOCK,,1,SCRAPED,3025,5,5,c280a97a-e6f1-4c33-8e40-0b2fd0271377,['home-goods'],[],[],"['Black, Red']","['mugs, kitchenware']",[],['Unknown']
ab9faeb4-6163-485c-b219-ff1431e8c09f,2025-02-20T00:02:01.792Z,2025-02-20T00:02:01.792Z,IN_STOCK,,1,SCRAPED,2500,5,153,c280a97a-e6f1-4c33-8e40-0b2fd0271377,['home-goods'],[],[],"['Silver, Black, Red']","['mugs, kitchenware']",[],"['Cotton', 'Unknown']"
c7a8f09d-ef43-4af7-b2c6-a875f4e99949,2025-02-20T00:02:01.921Z,2025-02-20T00:02:01.921Z,IN_STOCK,,1,SCRAPED,2500,5,153,c280a97a-e6f1-4c33-8e40-0b2fd0271377,['home-goods'],[],[],"['Yellow, Black, Red']","['mugs, kitchenware']",[],['Unknown']
d2312bcd-2484-4bcb-a643-e06aaf7378ba,2025-02-20T00:02:01.943Z,2025-02-20T00:02:01.943Z,IN_STOCK,,1,SCRAPED,2500,5,153,c280a97a-e6f1-4c33-8e40-0b2fd0271377,['home-goods'],[],[],"['Red, Black']","['mugs, kitchenware']",[],['Unknown']
11101469-cd77-4b0a-925c-fb408ca8c808,2025-02-20T00:02:01.929Z,2025-02-20T00:02:01.929Z,IN_STOCK,,1,SCRAPED,2000,5,153,c280a97a-e6f1-4c33-8e40-0b2fd0271377,['home-goods'],[],[],['Green'],"['mugs, kitchenware']",[],"['Cotton', 'Unknown', 'Wool']"
697f4114-b59b-4ab0-a27d-2711fe25c496,2025-02-20T00:02:01.951Z,2025-02-20T00:02:01.951Z,IN_STOCK,,1,SCRAPED,4000,5,153,c280a97a-e6f1-4c33-8e40-0b2fd0271377,['fashion'],"[{'id': 'ee27b0b3-eed7-4179-bccd-4b1c73c52ce1', 'bodyFitSection': {'id': 'ba6b4bc6-ac2b-4274-98f1-def2e6bd9d19', 'name': 'Unisex', 'value': 'UNISEX'}, 'createdAt': '2025-02-20T00:02:01.951Z', 'updatedAt': '2025-02-20T00:02:01.951Z'}]",[],['Green'],"['t-shirts, shirts, upper-body']",[],"['Cotton', 'Unknown', 'Wool']"
e192179f-2e6b-4521-ab11-00688abc4d36,2025-02-20T00:02:01.991Z,2025-02-20T00:02:01.991Z,IN_STOCK,,1,SCRAPED,4000,5,153,c280a97a-e6f1-4c33-8e40-0b2fd0271377,['fashion'],"[{'id': '9db6489c-4add-4bf6-a528-27fe8fdc572f', 'bodyFitSection': {'id': 'ba6b4bc6-ac2b-4274-98f1-def2e6bd9d19', 'name': 'Unisex', 'value': 'UNISEX'}, 'createdAt': '2025-02-20T00:02:01.991Z', 'updatedAt': '2025-02-20T00:02:01.991Z'}]",[],['Green'],"['t-shirts, shirts, upper-body']",[],"['Cotton', 'Unknown', 'Wool']"
2290ad84-870f-4dad-9354-6418ba7ef7a9,2025-02-20T00:02:02.094Z,2025-02-20T00:02:02.094Z,IN_STOCK,,1,SCRAPED,4000,5,153,c280a97a-e6f1-4c33-8e40-0b2fd0271377,['fashion'],"[{'id': 'a3710c8d-7424-417c-b9d1-b528e0f78986', 'bodyFitSection': {'id': 'ba6b4bc6-ac2b-4274-98f1-def2e6bd9d19', 'name': 'Unisex', 'value': 'UNISEX'}, 'createdAt': '2025-02-20T00:02:02.094Z', 'updatedAt': '2025-02-20T00:02:02.094Z'}]",[],['Black'],"['t-shirts, shirts, upper-body']",[],"['Cotton', 'Polyester', 'Unknown', 'Wool']"
1c19530c-d9a5-41a5-a132-9fdda1000b83,2025-02-20T00:02:02.194Z,2025-02-20T00:02:02.194Z,IN_STOCK,,1,SCRAPED,2000,5,153,c280a97a-e6f1-4c33-8e40-0b2fd0271377,['home-goods'],[],[],[''],"['mugs, kitchenware']",[],"['Cotton', 'Unknown', 'Wool']"
82289c52-e9b2-4ff1-9027-a9a365a31b28,2025-02-20T00:02:02.201Z,2025-02-20T00:02:02.201Z,IN_STOCK,,1,SCRAPED,4000,5,153,c280a97a-e6f1-4c33-8e40-0b2fd0271377,['fashion'],"[{'id': '1d7e568a-f11d-4f18-b589-acb2ab3c9145', 'bodyFitSection': {'id': 'ba6b4bc6-ac2b-4274-98f1-def2e6bd9d19', 'name': 'Unisex', 'value': 'UNISEX'}, 'createdAt': '2025-02-20T00:02:02.201Z', 'updatedAt': '2025-02-20T00:02:02.201Z'}]",[],[''],"['t-shirts, shirts, upper-body']",[],"['Cotton', 'Unknown', 'Wool']"
c757c46e-f237-4936-bedb-a151cc85ae6d,2025-02-20T00:02:01.995Z,2025-02-20T00:02:01.995Z,IN_STOCK,,1,SCRAPED,2500,5,153,c280a97a-e6f1-4c33-8e40-0b2fd0271377,['home-goods'],[],[],"['Black, Red']","['mugs, kitchenware']",[],['Unknown']
c8993c8b-0919-4bb9-b835-f85e64cffc9b,2025-02-20T00:02:02.093Z,2025-02-20T00:02:02.093Z,IN_STOCK,,1,SCRAPED,2500,5,153,c280a97a-e6f1-4c33-8e40-0b2fd0271377,['home-goods'],[],[],"['Black, Rainbow, Red']","['mugs, kitchenware']",[],['Unknown']
d90f057a-9a7d-4bf1-9b3e-12b7f894606d,2025-02-20T00:02:02.192Z,2025-02-20T00:02:02.192Z,IN_STOCK,,1,SCRAPED,2500,5,153,c280a97a-e6f1-4c33-8e40-0b2fd0271377,['home-goods'],[],[],"['Black, Red']","['mugs, kitchenware']",[],['Unknown']
f412e1a1-f16d-41bb-a20c-4b3ba1c17cf5,2025-02-20T00:02:02.098Z,2025-02-20T00:02:02.098Z,IN_STOCK,,1,SCRAPED,2500,5,153,c280a97a-e6f1-4c33-8e40-0b2fd0271377,['fashion'],"[{'id': '721c3aa1-0916-4ff0-8b40-72ee461c4d88', 'bodyFitSection': {'id': 'ba6b4bc6-ac2b-4274-98f1-def2e6bd9d19', 'name': 'Unisex', 'value': 'UNISEX'}, 'createdAt': '2025-02-20T00:02:02.098Z', 'updatedAt': '2025-02-20T00:02:02.098Z'}]",[],"['Black, Brown']","['t-shirts, shirts, upper-body']",[],['Cotton']
cc5118c5-9986-4365-b5d3-d70812aad61a,2025-02-20T00:02:02.188Z,2025-02-20T00:02:02.188Z,IN_STOCK,,1,SCRAPED,2500,5,153,c280a97a-e6f1-4c33-8e40-0b2fd0271377,['home-goods'],[],[],"['Black, Red, Rainbow']","['mugs, kitchenware']",[],['Unknown']
e68f445d-d6b2-4b1f-bb69-eb5dd9a2d2d5,2025-02-20T00:02:02.210Z,2025-02-20T00:02:02.210Z,IN_STOCK,,1,SCRAPED,2500,5,153,c280a97a-e6f1-4c33-8e40-0b2fd0271377,['home-goods'],[],[],['Black'],"['mugs, kitchenware']",[],"['Cotton', 'Polyester', 'Unknown', 'Wool']"
77d0fd74-39c0-482c-8e97-3e5a4e6d1e5b,2025-02-20T00:02:02.212Z,2025-02-20T00:02:02.212Z,IN_STOCK,,1,SCRAPED,2830,5,153,c280a97a-e6f1-4c33-8e40-0b2fd0271377,['home-goods'],[],[],"['Black, Red']","['mugs, kitchenware']",[],['Unknown']
7890fd54-39c0-482c-8e97-3e5a4e6d1e5b,2025-02-20T00:02:02.212Z,2025-02-20T00:02:02.212Z,IN_STOCK,,1,SCRAPED,1500000,5,153,c280a97a-e6f1-4c33-8e40-0b2fd0271377,['flow-toys'],[],[],"['Black, Red']","['accessories']","['boho, yoga']",['Plastic']
