user_id,product_id,searched_product_count,product_description_read_count,product_link_open_count,style_description_read_count,style_image_view_styleguide_count,style_image_view_content_count,style_list_open_count,purchased_item_review_count,product_favourite_count,product_added_to_cart_count,product_styles,product_view_count,product_purchase_count
1,2781,4,0,3,2,2,0,2,1,2,0,"['Futurism', 'Conceptual', 'Rave']",15,0
2,2244,3,3,3,2,0,0,1,1,0,0,"['Surrealism', 'Realism']",9,0
3,2643,2,1,2,1,1,2,2,1,2,0,['Expressionism'],11,1
4,1288,1,1,2,2,0,2,2,0,0,0,"['Psychedelic', 'Conceptual']",7,0
5,2084,2,2,0,2,1,0,2,0,1,0,"['Futurism', 'Realism', 'Psychedelic']",14,0
6,1637,2,2,0,2,2,2,2,0,1,2,['Realism'],11,1
7,138,1,3,4,1,0,2,0,1,1,1,['Realism'],13,1
8,1339,2,2,1,0,0,2,1,0,1,2,"['Minimalist', 'Pop Art', 'Bohemian']",10,0
9,2945,3,3,0,1,0,1,1,0,1,2,"['Rave', 'Cubism']",5,0
10,2463,1,0,3,0,0,2,0,0,0,1,"['Trippy', 'Psychedelic']",10,1
11,2654,4,3,3,0,2,0,2,0,0,0,"['Expressionism', 'Abstract']",12,1
12,2292,0,0,0,2,2,0,2,1,1,0,['Impressionism'],9,0
13,2859,3,3,0,0,0,2,2,1,2,2,"['Minimalist', 'Abstract']",8,1
14,1291,0,0,2,0,2,2,0,1,2,2,['Realism'],9,0
15,1116,4,3,4,1,2,1,0,1,1,1,"['Abstract', 'Psychedelic']",4,0
16,2186,1,1,4,2,1,0,1,0,1,1,"['Surrealism', 'Minimalist', 'Expressionism']",10,0
17,1791,4,0,3,1,2,1,2,1,2,0,['Minimalist'],6,1
18,2596,3,0,2,2,2,2,1,1,1,0,"['Surrealism', 'Minimalist', 'Dadaism']",7,1
19,1858,0,1,0,0,0,1,0,0,2,1,['Minimalist'],11,1
20,1149,3,2,1,1,1,1,1,0,0,0,"['Surrealism', 'Bohemian', 'Psychedelic']",5,1
21,2106,1,3,2,2,1,2,1,1,2,0,['Minimalist'],11,1
22,2641,4,1,2,0,0,1,0,0,0,2,"['Realism', 'Trippy', 'Abstract']",13,1
23,277,4,1,2,0,0,2,2,0,2,1,"['Rave', 'Expressionism']",10,0
24,2600,2,2,2,0,1,1,2,1,2,0,['Pop Art'],14,1
25,1555,3,0,2,2,0,0,2,1,2,1,"['Conceptual', 'Futurism', 'Surrealism']",7,0
26,2652,1,3,4,1,2,1,0,1,2,1,['Expressionism'],9,0
27,909,0,0,4,2,0,0,1,1,2,0,"['Impressionism', 'Pop Art']",9,1
28,2353,4,2,0,0,1,1,1,1,1,1,"['Psychedelic', 'Rave', 'Realism']",9,0
29,2624,2,3,3,0,1,2,2,0,1,1,"['Cubism', 'Impressionism']",15,1
30,139,5,1,3,1,1,1,2,0,1,0,['Trippy'],14,1
31,2980,3,0,0,2,0,2,1,1,2,2,['Conceptual'],15,1
32,2179,2,2,2,0,1,2,0,0,2,1,"['Pop Art', 'Psychedelic', 'Dadaism']",14,0
33,2221,5,0,0,2,2,0,2,0,0,1,"['Trippy', 'Futurism', 'Minimalist']",9,0
34,1746,2,1,2,2,1,1,2,1,0,1,['Cubism'],13,1
35,356,5,3,2,2,0,2,1,1,0,2,['Surrealism'],4,0
36,102,5,0,3,0,2,2,2,0,0,0,"['Abstract', 'Expressionism', 'Pop Art']",15,1
37,2080,1,3,3,2,0,2,1,0,0,1,"['Abstract', 'Cubism']",3,1
38,2909,1,1,0,0,0,2,2,0,2,2,['Pop Art'],12,0
39,138,5,0,2,1,0,1,2,1,1,0,"['Trippy', 'Cubism', 'Expressionism']",12,0
40,1043,0,0,0,2,1,2,2,1,0,2,['Futurism'],14,0
41,493,0,1,0,2,2,2,0,0,2,0,"['Futurism', 'Realism']",11,1
42,1472,5,1,0,1,2,1,1,0,2,2,"['Rave', 'Cubism', 'Dadaism']",6,1
43,2605,2,2,1,2,1,1,0,1,1,1,"['Abstract', 'Expressionism', 'Rave']",13,1
44,1910,2,1,0,0,1,1,0,0,2,0,"['Dadaism', 'Realism']",13,1
45,1341,3,0,2,2,1,2,1,0,0,0,"['Expressionism', 'Psychedelic']",6,1
46,2019,5,1,4,0,0,0,1,1,2,1,"['Cubism', 'Surrealism']",9,0
47,385,1,1,0,0,1,1,0,0,2,2,"['Cubism', 'Impressionism']",3,0
48,1694,4,3,4,2,1,0,2,1,0,2,"['Futurism', 'Impressionism', 'Pop Art']",11,1
49,1110,2,3,2,2,0,2,1,1,1,2,['Surrealism'],13,1
50,1953,0,3,1,2,2,0,2,0,0,1,['Impressionism'],15,0
51,1695,5,3,0,2,2,0,0,0,0,2,"['Cubism', 'Realism', 'Pop Art']",14,1
52,422,1,1,4,2,1,2,0,0,1,2,"['Expressionism', 'Surrealism']",8,1
53,1605,4,1,0,0,0,2,1,0,1,1,"['Trippy', 'Abstract', 'Pop Art']",14,0
54,2964,3,3,0,0,1,0,1,1,0,2,"['Surrealism', 'Bohemian']",10,0
55,2122,5,0,4,0,0,0,2,1,2,2,"['Futurism', 'Abstract', 'Conceptual']",3,0
56,2192,5,2,2,1,1,0,2,0,2,2,"['Cubism', 'Psychedelic', 'Futurism']",7,1
57,1632,2,0,0,0,2,0,1,1,0,0,['Expressionism'],4,0
58,2878,5,2,0,0,0,2,1,1,2,1,['Surrealism'],6,0
59,1524,0,3,3,0,1,0,1,0,0,0,"['Impressionism', 'Pop Art']",14,0
60,995,5,2,0,0,2,0,0,1,0,2,"['Trippy', 'Psychedelic']",10,0
61,825,1,2,0,1,1,2,1,1,0,2,['Futurism'],8,1
62,2301,3,3,3,2,0,2,0,1,1,0,['Futurism'],8,1
63,953,2,1,0,0,1,1,1,1,1,2,['Cubism'],6,1
64,2965,0,3,4,2,2,0,1,0,2,1,"['Rave', 'Conceptual']",14,1
65,1805,4,0,4,2,0,2,1,1,2,0,"['Rave', 'Abstract']",3,1
66,1031,5,0,0,2,2,0,1,0,0,0,"['Futurism', 'Abstract']",8,0
67,1021,2,0,3,0,1,1,1,1,2,2,"['Cubism', 'Bohemian', 'Pop Art']",7,0
68,174,4,0,4,1,0,0,1,0,2,1,"['Abstract', 'Conceptual', 'Cubism']",14,1
69,891,2,0,2,0,2,1,0,0,2,0,"['Trippy', 'Abstract', 'Bohemian']",11,1
70,2146,2,2,4,2,0,2,2,1,1,2,"['Impressionism', 'Abstract', 'Psychedelic']",5,0
71,1073,4,1,1,0,0,0,2,1,1,0,['Realism'],7,0
72,853,2,2,4,1,1,0,0,0,2,0,"['Psychedelic', 'Expressionism']",12,1
73,1091,3,1,0,0,2,0,0,1,2,0,['Pop Art'],7,1
74,2963,1,3,3,2,0,1,0,1,1,2,['Surrealism'],9,1
75,2759,1,3,0,2,0,1,1,0,2,1,"['Conceptual', 'Abstract', 'Rave']",15,1
76,2279,2,2,4,1,0,0,1,0,1,1,"['Minimalist', 'Conceptual']",7,0
77,2011,1,1,2,1,1,1,1,0,0,1,['Bohemian'],9,1
78,1034,3,1,2,0,2,0,0,1,0,0,"['Surrealism', 'Psychedelic']",11,1
79,2292,0,0,4,1,0,1,0,0,2,0,['Psychedelic'],10,0
80,1425,4,2,0,0,0,1,2,1,1,0,['Impressionism'],12,1
81,2716,0,3,4,0,1,0,1,0,0,2,"['Expressionism', 'Futurism']",5,0
82,2233,0,1,3,0,2,0,2,0,0,0,['Rave'],15,1
83,245,0,3,0,0,2,0,1,0,1,2,['Realism'],8,0
84,2595,3,2,3,1,2,0,2,1,2,0,"['Cubism', 'Impressionism', 'Bohemian']",13,0
85,193,3,1,3,0,0,1,0,0,0,1,"['Surrealism', 'Impressionism']",11,1
86,172,0,2,4,2,0,1,1,1,1,0,"['Abstract', 'Pop Art']",14,0
87,1665,2,1,2,1,1,1,1,0,2,2,"['Trippy', 'Conceptual', 'Impressionism']",3,0
88,367,4,3,4,2,2,0,1,1,1,0,"['Pop Art', 'Expressionism', 'Dadaism']",3,1
89,1384,5,3,3,0,1,0,1,0,0,1,"['Futurism', 'Pop Art', 'Psychedelic']",15,0
90,2707,0,0,2,2,0,0,2,1,2,1,"['Impressionism', 'Surrealism', 'Realism']",14,0
91,2563,3,2,3,2,0,0,1,1,2,0,['Abstract'],3,0
92,2299,2,0,2,0,2,0,2,0,1,1,"['Trippy', 'Conceptual']",5,0
93,628,1,2,0,1,1,0,1,0,0,2,"['Realism', 'Dadaism', 'Conceptual']",8,1
94,1171,1,0,4,2,2,1,0,0,2,0,"['Rave', 'Pop Art', 'Conceptual']",11,0
95,1306,2,1,0,0,0,1,1,0,1,1,"['Dadaism', 'Impressionism', 'Realism']",6,0
96,2606,0,1,4,0,1,2,0,0,1,2,"['Trippy', 'Dadaism', 'Minimalist']",12,1
97,1668,5,3,1,1,0,1,2,1,0,0,['Trippy'],13,1
98,206,4,1,1,1,0,0,2,1,1,2,"['Dadaism', 'Expressionism', 'Realism']",12,0
99,2822,2,1,1,2,0,2,0,0,0,1,"['Pop Art', 'Trippy']",7,1
100,2151,3,3,3,2,2,2,1,0,2,1,"['Bohemian', 'Conceptual', 'Impressionism']",12,0
101,1562,1,0,4,2,2,0,1,1,2,0,"['Bohemian', 'Realism']",8,1
102,1565,2,0,4,2,1,0,1,0,2,1,"['Conceptual', 'Pop Art']",12,1
103,2336,0,1,0,0,1,2,1,0,0,1,"['Conceptual', 'Cubism']",3,0
104,1400,4,3,0,2,1,1,1,0,2,1,"['Futurism', 'Realism', 'Expressionism']",15,1
105,1489,3,0,1,1,0,0,2,1,2,1,"['Impressionism', 'Abstract', 'Pop Art']",10,0
106,183,4,1,0,2,1,2,2,0,1,0,"['Dadaism', 'Bohemian', 'Conceptual']",12,1
107,1562,0,3,3,1,0,2,0,0,0,1,"['Psychedelic', 'Cubism', 'Impressionism']",4,1
108,1978,1,2,3,1,1,2,1,0,2,0,"['Pop Art', 'Surrealism']",15,0
109,2019,3,2,2,0,0,0,2,0,0,2,"['Impressionism', 'Conceptual']",6,1
110,1693,4,0,2,1,2,1,1,1,2,2,"['Surrealism', 'Abstract', 'Minimalist']",5,0
111,421,5,1,2,1,1,2,2,0,0,2,"['Surrealism', 'Cubism']",8,1
112,2122,3,1,4,1,1,2,1,1,2,0,"['Expressionism', 'Impressionism', 'Abstract']",10,1
113,2146,5,1,4,1,0,1,2,0,0,1,['Psychedelic'],5,1
114,2423,4,1,1,1,0,2,2,0,2,1,"['Expressionism', 'Cubism', 'Trippy']",11,0
115,169,1,3,2,2,0,2,0,1,2,0,['Realism'],11,0
116,2721,2,3,3,2,2,1,2,1,1,1,['Minimalist'],12,0
117,675,1,0,2,2,2,2,2,0,1,2,"['Minimalist', 'Conceptual', 'Bohemian']",9,0
118,1314,4,1,3,1,1,1,0,1,0,2,"['Abstract', 'Futurism', 'Cubism']",10,1
119,1179,2,2,3,2,0,0,1,0,1,2,['Dadaism'],12,1
120,212,3,0,2,1,2,2,1,0,0,0,"['Abstract', 'Trippy', 'Rave']",7,0
121,1838,1,2,1,1,0,0,2,1,2,1,['Psychedelic'],12,1
122,2002,3,3,4,1,1,0,1,1,2,1,"['Psychedelic', 'Bohemian']",15,1
123,1986,1,3,4,1,0,2,0,0,1,2,['Surrealism'],9,0
124,2351,3,0,1,1,1,1,0,1,0,0,"['Surrealism', 'Cubism']",13,0
125,230,5,0,2,0,1,0,1,1,0,2,"['Pop Art', 'Realism', 'Rave']",10,1
126,366,1,0,1,0,2,2,2,1,0,1,"['Abstract', 'Futurism', 'Surrealism']",6,1
127,1752,3,3,1,1,2,2,0,0,2,1,"['Cubism', 'Futurism', 'Dadaism']",4,1
128,1697,5,0,1,1,2,2,0,0,1,2,"['Pop Art', 'Conceptual']",11,1
129,1429,0,1,2,0,1,1,2,1,2,1,"['Rave', 'Cubism']",14,1
130,1027,3,3,0,2,0,2,0,1,2,0,"['Abstract', 'Realism', 'Bohemian']",13,0
131,1030,1,0,1,2,2,1,0,0,0,2,['Dadaism'],3,0
132,1879,3,1,0,1,2,1,2,1,2,2,"['Dadaism', 'Cubism', 'Conceptual']",10,0
133,467,5,0,0,2,1,1,2,1,2,2,"['Surrealism', 'Cubism', 'Psychedelic']",13,1
134,239,5,2,2,1,1,2,2,0,1,1,"['Dadaism', 'Pop Art']",6,1
135,2615,3,2,2,1,1,1,0,1,2,0,"['Expressionism', 'Conceptual', 'Bohemian']",9,1
136,2187,3,3,3,0,2,1,0,0,0,2,"['Trippy', 'Futurism']",5,1
137,314,2,2,3,1,0,2,1,1,1,0,['Dadaism'],10,0
138,2256,0,1,2,2,1,1,0,0,0,1,"['Rave', 'Minimalist', 'Dadaism']",4,1
139,1835,3,3,3,1,2,0,1,0,0,2,"['Rave', 'Realism']",8,0
140,1960,0,0,1,1,1,1,2,1,1,1,"['Impressionism', 'Realism']",9,0
141,2870,3,0,0,0,1,1,0,0,2,2,['Minimalist'],15,1
142,718,1,1,4,2,1,2,0,0,2,1,"['Rave', 'Minimalist', 'Conceptual']",14,1
143,2885,0,3,1,0,2,2,0,1,1,0,"['Rave', 'Pop Art']",10,0
144,352,2,1,0,2,1,2,0,0,2,1,"['Dadaism', 'Psychedelic', 'Cubism']",3,0
145,2207,4,1,3,1,0,0,2,1,2,2,['Expressionism'],3,1
146,1013,3,3,0,2,0,0,1,0,2,2,"['Trippy', 'Futurism']",5,0
147,1435,2,1,0,1,0,2,2,0,1,2,"['Psychedelic', 'Expressionism']",9,1
148,2990,1,3,3,0,2,0,1,1,1,1,['Cubism'],12,1
149,1922,1,0,0,0,2,2,2,0,0,0,"['Realism', 'Bohemian', 'Surrealism']",15,1
150,2078,5,3,0,2,0,0,2,1,0,2,"['Minimalist', 'Abstract']",11,0
151,1011,3,3,2,0,1,2,2,0,1,2,"['Trippy', 'Conceptual']",11,0
152,114,3,1,2,1,0,0,0,0,1,2,"['Conceptual', 'Dadaism']",3,0
153,1187,1,0,2,2,0,0,0,0,1,1,"['Dadaism', 'Abstract', 'Cubism']",4,0
154,103,4,0,2,0,0,1,1,0,1,1,"['Abstract', 'Pop Art']",7,0
155,1701,1,0,4,1,1,2,0,1,2,1,['Minimalist'],9,0
156,658,4,3,3,1,1,1,2,0,1,1,"['Abstract', 'Trippy']",11,0
157,752,1,1,0,1,2,0,1,1,1,1,"['Realism', 'Trippy']",5,0
158,454,4,3,4,2,2,1,2,0,0,2,"['Abstract', 'Surrealism', 'Dadaism']",12,0
159,1073,5,2,4,0,0,1,2,0,1,0,['Rave'],7,1
160,1947,0,2,1,0,1,2,2,0,1,2,"['Bohemian', 'Surrealism']",4,1
161,2999,5,3,0,0,1,0,1,1,1,0,"['Bohemian', 'Dadaism', 'Abstract']",14,0
162,989,0,1,4,2,1,0,2,0,1,1,['Expressionism'],6,0
163,2791,5,0,4,2,2,2,1,0,2,1,"['Rave', 'Surrealism']",14,1
164,1190,5,1,4,0,2,2,0,0,2,2,['Dadaism'],7,1
165,796,3,1,3,1,1,1,2,1,2,2,['Expressionism'],3,0
166,1618,5,3,0,0,1,1,1,0,0,1,['Futurism'],8,0
167,2207,2,2,3,2,0,1,1,0,0,2,"['Dadaism', 'Minimalist']",11,0
168,1767,0,1,1,1,0,0,0,0,1,1,"['Minimalist', 'Conceptual']",13,0
169,1974,5,0,1,0,2,0,2,1,2,0,['Trippy'],15,1
170,721,4,2,1,2,1,0,1,0,0,1,"['Realism', 'Trippy']",6,0
171,1396,1,0,0,1,1,2,2,0,1,1,['Surrealism'],5,1
172,434,3,2,1,0,2,0,2,0,2,1,"['Surrealism', 'Pop Art']",12,1
173,136,5,3,4,1,0,0,2,0,0,0,"['Cubism', 'Impressionism']",7,1
174,2996,4,2,0,2,0,1,1,0,2,2,"['Rave', 'Minimalist']",10,1
175,2016,0,1,2,2,2,0,0,0,0,2,['Impressionism'],5,1
176,1729,0,1,1,1,2,1,2,0,1,1,['Psychedelic'],8,1
177,222,5,2,0,2,0,1,0,1,1,2,"['Surrealism', 'Abstract']",10,1
178,217,5,1,3,1,1,1,0,1,1,2,['Realism'],4,0
179,1904,5,1,3,0,0,2,0,0,2,2,"['Impressionism', 'Rave', 'Conceptual']",5,0
180,383,0,0,4,2,2,1,0,1,0,1,"['Dadaism', 'Cubism', 'Psychedelic']",8,1
181,2141,5,0,2,2,2,1,1,1,2,0,['Impressionism'],10,1
182,1702,4,2,4,1,2,1,0,0,2,1,['Trippy'],15,0
183,400,0,3,3,0,0,1,2,0,1,1,"['Futurism', 'Trippy']",9,0
184,1153,5,0,4,0,0,0,2,1,2,2,"['Expressionism', 'Abstract', 'Impressionism']",13,0
185,576,5,2,0,1,1,0,1,0,0,2,"['Rave', 'Surrealism']",10,0
186,1511,0,2,4,1,1,0,0,0,2,2,['Rave'],8,0
187,1218,3,2,2,0,0,2,1,0,0,1,"['Rave', 'Surrealism']",12,1
188,1679,4,1,0,2,1,0,2,1,2,1,"['Impressionism', 'Surrealism', 'Rave']",8,1
189,197,4,1,1,0,0,0,2,0,2,1,"['Abstract', 'Conceptual', 'Rave']",11,1
190,800,0,3,4,2,1,1,2,1,0,0,"['Dadaism', 'Surrealism']",14,1
191,2795,1,1,3,0,1,0,1,0,0,1,"['Surrealism', 'Pop Art', 'Trippy']",9,0
192,1504,5,2,0,2,1,1,0,0,0,1,['Surrealism'],10,0
193,2198,2,1,2,2,1,0,0,0,1,2,"['Abstract', 'Conceptual']",13,0
194,1658,3,1,2,1,0,0,1,1,1,2,['Surrealism'],9,1
195,562,2,3,1,1,0,1,0,0,0,0,"['Psychedelic', 'Cubism', 'Expressionism']",3,0
196,803,2,1,4,1,0,0,2,0,2,1,"['Surrealism', 'Conceptual', 'Trippy']",9,1
197,2188,4,3,3,2,1,1,2,1,0,0,"['Bohemian', 'Surrealism']",9,0
198,483,1,1,3,0,1,2,1,1,2,2,"['Surrealism', 'Rave']",6,1
199,2426,1,0,4,1,2,0,0,1,0,0,['Realism'],8,1
200,1297,3,2,2,0,2,2,0,0,2,1,"['Conceptual', 'Cubism', 'Realism']",6,0
201,2179,0,0,1,0,2,1,1,1,2,1,"['Futurism', 'Expressionism', 'Cubism']",7,1
202,2852,1,2,4,2,0,0,1,0,1,0,"['Psychedelic', 'Dadaism']",11,0
203,2343,0,2,1,1,1,0,1,1,0,1,"['Surrealism', 'Futurism', 'Rave']",14,1
204,1929,1,2,0,2,1,0,0,1,2,0,"['Cubism', 'Expressionism']",8,0
205,144,1,0,3,1,2,1,1,1,2,2,"['Psychedelic', 'Expressionism']",12,1
206,205,5,0,0,1,2,0,1,1,2,2,['Cubism'],7,1
207,863,5,1,3,2,0,0,1,1,0,0,"['Psychedelic', 'Trippy', 'Pop Art']",6,1
208,1938,5,0,3,2,1,1,1,0,1,0,['Realism'],7,1
209,2467,0,3,2,2,2,0,0,1,2,2,"['Realism', 'Expressionism', 'Abstract']",13,1
210,2892,4,2,1,0,2,2,1,1,2,0,"['Pop Art', 'Abstract']",4,0
211,1898,0,3,1,2,2,2,0,0,2,2,"['Impressionism', 'Futurism', 'Expressionism']",13,0
212,2682,5,2,2,1,0,2,1,0,0,0,['Psychedelic'],4,1
213,2081,2,0,3,1,0,1,1,1,1,1,['Rave'],11,0
214,139,1,3,4,0,2,1,1,1,1,1,['Pop Art'],11,1
215,1324,4,1,4,1,1,2,1,0,0,1,"['Trippy', 'Realism']",4,1
216,1206,2,2,4,0,0,1,2,0,2,0,['Cubism'],14,1
217,1181,3,2,3,2,1,1,2,0,0,1,['Psychedelic'],12,1
218,986,3,2,4,1,0,2,2,1,1,2,['Minimalist'],10,1
219,871,0,3,2,2,1,0,0,1,2,1,"['Psychedelic', 'Impressionism']",5,1
220,2232,5,2,0,2,2,1,1,1,2,0,"['Dadaism', 'Impressionism', 'Expressionism']",5,0
221,1925,1,3,1,0,2,0,0,0,1,0,"['Bohemian', 'Abstract']",12,1
222,1783,2,1,1,0,1,1,0,1,0,0,"['Impressionism', 'Conceptual']",15,0
223,639,1,1,0,0,2,0,2,1,0,0,"['Conceptual', 'Psychedelic', 'Rave']",15,0
224,2953,4,2,2,0,0,2,0,1,1,0,['Pop Art'],3,0
225,1771,3,2,2,0,1,1,2,1,1,0,"['Impressionism', 'Psychedelic']",9,0
226,2153,5,0,3,2,2,0,2,1,1,2,"['Realism', 'Cubism', 'Futurism']",4,0
227,1169,4,0,1,1,1,2,1,0,1,2,"['Pop Art', 'Dadaism']",11,1
228,850,2,3,0,0,2,1,0,1,0,2,['Conceptual'],11,0
229,1170,3,0,3,1,0,2,0,1,1,0,"['Impressionism', 'Abstract', 'Expressionism']",13,0
230,636,0,1,1,1,1,1,0,0,0,0,"['Futurism', 'Realism', 'Impressionism']",15,1
231,922,2,3,2,2,0,2,2,1,0,1,"['Impressionism', 'Abstract']",14,1
232,1618,3,1,2,0,0,0,0,0,1,1,"['Rave', 'Impressionism', 'Dadaism']",9,0
233,264,2,0,3,1,1,1,1,1,2,1,"['Trippy', 'Surrealism', 'Pop Art']",7,1
234,889,0,2,0,0,1,2,0,1,1,0,"['Conceptual', 'Abstract', 'Expressionism']",6,1
235,380,3,3,3,2,0,0,2,0,2,2,['Trippy'],7,1
236,2930,0,3,3,2,1,2,1,0,1,2,['Expressionism'],4,0
237,379,5,0,2,2,0,2,1,0,2,1,['Psychedelic'],14,0
238,1166,1,3,3,0,0,0,0,1,0,2,['Bohemian'],15,0
239,2980,2,2,2,1,1,0,0,0,1,1,"['Rave', 'Dadaism']",5,1
240,1934,2,0,4,2,0,2,1,0,1,0,"['Futurism', 'Conceptual']",8,1
241,1767,5,0,3,2,2,2,2,0,1,2,['Psychedelic'],5,1
242,1396,4,0,1,0,2,0,2,1,0,2,['Minimalist'],14,0
243,562,3,3,1,2,0,2,0,0,1,0,"['Conceptual', 'Impressionism', 'Psychedelic']",9,1
244,1122,1,1,2,2,0,0,2,0,0,1,"['Dadaism', 'Futurism', 'Pop Art']",12,0
245,1432,3,2,3,0,0,0,1,1,2,2,['Rave'],3,0
246,2159,4,2,0,0,2,0,1,1,1,1,['Bohemian'],3,1
247,1778,4,1,2,0,0,2,2,1,2,1,['Dadaism'],15,1
248,2539,3,3,2,0,0,0,2,1,0,1,"['Expressionism', 'Conceptual', 'Dadaism']",9,1
249,2408,1,3,4,2,1,1,0,1,0,2,"['Surrealism', 'Dadaism']",7,0
250,2068,3,2,4,0,0,0,2,0,0,2,['Cubism'],6,0
251,278,5,2,2,1,1,0,2,1,0,2,['Realism'],3,0
252,2961,0,2,2,1,2,2,1,1,1,0,"['Pop Art', 'Abstract']",6,1
253,1555,3,3,3,0,0,2,2,0,1,0,"['Futurism', 'Surrealism']",6,1
254,1383,4,3,1,2,2,1,1,0,2,1,"['Surrealism', 'Bohemian', 'Dadaism']",7,0
255,136,4,0,3,1,1,2,1,0,0,1,"['Minimalist', 'Bohemian']",7,0
256,2195,4,1,2,1,1,1,1,1,0,1,['Minimalist'],13,1
257,2087,2,0,3,0,0,2,0,1,2,0,"['Abstract', 'Impressionism', 'Conceptual']",10,0
258,1814,3,1,2,2,1,0,0,1,1,2,"['Futurism', 'Abstract']",6,0
259,458,3,2,3,2,1,1,0,0,1,0,"['Futurism', 'Dadaism']",5,0
260,1533,5,3,0,2,2,2,2,1,1,2,"['Conceptual', 'Abstract', 'Dadaism']",12,0
261,579,2,3,0,2,1,1,0,1,1,2,"['Bohemian', 'Dadaism']",9,1
262,197,4,0,2,2,2,0,1,0,0,0,"['Bohemian', 'Trippy', 'Surrealism']",8,1
263,862,2,3,1,1,0,1,2,0,2,0,['Realism'],14,1
264,1938,1,0,2,0,0,2,0,0,1,1,"['Dadaism', 'Impressionism', 'Minimalist']",12,0
265,2722,0,2,1,0,1,1,1,1,1,2,['Futurism'],14,1
266,1773,4,3,3,0,0,1,0,0,1,0,['Expressionism'],15,0
267,236,3,2,3,2,0,0,2,1,0,0,"['Conceptual', 'Expressionism']",13,1
268,1229,3,1,4,1,0,0,1,1,1,1,"['Conceptual', 'Bohemian', 'Cubism']",6,1
269,643,2,1,4,1,1,2,2,1,2,2,['Dadaism'],9,0
270,106,0,3,3,0,1,0,1,0,0,1,"['Cubism', 'Trippy']",4,0
271,1932,3,1,2,2,2,1,2,0,0,0,['Surrealism'],6,1
272,2007,2,2,4,0,2,0,2,1,1,1,['Abstract'],12,1
273,1380,1,1,2,1,2,1,0,0,0,0,"['Cubism', 'Realism', 'Rave']",8,1
274,1962,2,2,2,0,0,1,1,0,0,0,"['Minimalist', 'Cubism']",12,0
275,2141,5,2,2,2,1,1,1,1,1,2,['Psychedelic'],15,1
276,882,4,0,2,2,1,1,2,0,2,1,['Surrealism'],9,0
277,2374,0,2,0,2,2,2,2,0,1,1,"['Expressionism', 'Surrealism', 'Impressionism']",15,0
278,324,4,1,4,1,0,2,2,1,2,2,['Pop Art'],12,0
279,2919,0,0,1,1,0,0,1,1,1,2,"['Rave', 'Futurism', 'Bohemian']",11,0
280,434,2,0,4,2,2,0,1,0,2,0,"['Cubism', 'Trippy', 'Futurism']",11,1
281,2601,5,0,4,1,0,1,0,0,1,1,['Cubism'],5,1
282,2291,5,2,3,2,2,0,2,0,0,0,"['Expressionism', 'Impressionism', 'Minimalist']",12,0
283,2696,5,0,1,0,1,2,0,1,0,1,"['Futurism', 'Pop Art']",10,1
284,1489,5,1,1,2,1,2,1,1,0,1,['Cubism'],15,0
285,1790,3,0,3,1,0,1,2,1,0,0,"['Expressionism', 'Realism', 'Minimalist']",5,1
286,1962,2,0,4,2,2,2,0,0,1,2,['Futurism'],8,1
287,1014,1,2,1,2,1,1,0,0,2,0,['Surrealism'],3,1
288,572,0,0,2,1,1,0,2,0,0,0,"['Rave', 'Abstract', 'Surrealism']",7,0
289,2324,3,2,0,2,2,0,0,0,1,1,['Minimalist'],7,0
290,805,5,1,0,1,2,0,2,1,2,0,"['Psychedelic', 'Futurism', 'Bohemian']",13,0
291,2090,1,3,0,0,1,0,0,0,0,2,['Impressionism'],5,1
292,2854,0,0,0,2,0,0,0,0,1,0,['Pop Art'],15,0
293,274,4,0,0,0,2,0,1,0,0,0,"['Expressionism', 'Cubism']",11,1
294,1676,4,0,3,0,0,1,1,1,2,2,"['Psychedelic', 'Surrealism']",11,0
295,2428,0,3,0,1,1,2,2,0,0,1,"['Realism', 'Trippy']",4,0
296,404,0,2,3,0,0,0,1,1,0,1,"['Minimalist', 'Conceptual']",6,1
297,1301,3,3,3,0,0,0,2,0,0,1,"['Abstract', 'Cubism', 'Futurism']",8,1
298,878,2,2,3,0,2,1,1,0,1,2,"['Cubism', 'Surrealism']",3,0
299,1300,4,2,4,0,2,0,0,1,0,1,"['Futurism', 'Rave', 'Trippy']",5,0
300,221,4,1,2,0,0,2,2,1,1,1,"['Pop Art', 'Cubism', 'Abstract']",11,1
301,325,2,1,3,0,2,2,2,0,2,1,['Pop Art'],7,1
302,2508,3,2,3,1,2,0,0,1,1,0,"['Rave', 'Trippy']",5,1
303,1129,4,1,3,1,0,2,0,1,1,1,"['Cubism', 'Abstract']",10,1
304,1725,4,2,2,2,2,0,0,0,0,2,"['Realism', 'Rave']",3,1
305,2131,0,1,0,1,1,1,2,0,0,2,"['Trippy', 'Realism', 'Abstract']",5,0
306,1875,1,3,0,2,0,0,1,1,0,1,['Dadaism'],9,1
307,1651,4,1,0,2,2,0,1,1,0,0,['Futurism'],9,1
308,1867,2,1,0,2,0,2,2,1,0,0,['Abstract'],12,1
309,1730,5,1,2,2,2,1,1,1,2,0,"['Bohemian', 'Cubism', 'Expressionism']",15,1
310,343,2,2,1,0,1,2,2,1,1,0,"['Realism', 'Impressionism', 'Conceptual']",14,1
311,560,3,0,1,1,0,1,1,1,1,1,"['Conceptual', 'Cubism', 'Pop Art']",10,0
312,866,2,3,3,0,2,1,0,0,2,2,"['Psychedelic', 'Pop Art']",10,1
313,1363,3,2,0,2,2,2,1,1,1,0,"['Expressionism', 'Realism']",5,0
314,1751,3,1,4,1,0,1,0,1,2,2,['Impressionism'],8,0
315,2493,2,3,1,2,0,1,2,1,0,0,['Futurism'],5,1
316,1055,3,2,0,2,0,0,2,1,1,0,"['Realism', 'Abstract']",7,1
317,2690,0,3,3,1,1,2,1,1,0,2,"['Trippy', 'Cubism', 'Surrealism']",11,1
318,803,2,0,4,0,0,2,2,0,1,2,"['Bohemian', 'Realism']",14,1
319,1007,2,1,4,1,2,2,1,1,1,1,"['Psychedelic', 'Impressionism']",4,0
320,1812,0,0,1,1,0,1,2,0,1,2,"['Bohemian', 'Rave', 'Dadaism']",14,0
321,1169,1,0,1,1,1,2,2,1,2,2,['Futurism'],11,0
322,254,1,1,3,2,1,0,1,0,1,1,"['Minimalist', 'Impressionism', 'Cubism']",15,1
323,434,5,2,3,0,1,1,1,0,2,0,['Trippy'],4,1
324,2093,5,3,1,1,1,2,0,1,1,0,"['Psychedelic', 'Expressionism']",10,0
325,2017,5,1,2,1,1,0,0,1,2,0,"['Surrealism', 'Abstract', 'Futurism']",15,0
326,2320,2,0,1,1,2,1,2,0,1,0,"['Futurism', 'Expressionism']",15,1
327,1202,3,1,0,1,1,1,2,1,0,1,"['Impressionism', 'Rave', 'Realism']",8,0
328,1112,0,2,2,0,0,0,2,0,0,1,"['Surrealism', 'Minimalist']",3,0
329,1198,4,3,1,0,2,0,0,1,2,1,"['Trippy', 'Abstract']",4,1
330,2587,2,1,3,1,2,1,0,0,1,1,"['Minimalist', 'Cubism']",11,0
331,399,0,0,0,1,2,1,0,0,0,2,['Expressionism'],15,0
332,2837,3,3,4,2,1,1,1,1,2,1,"['Expressionism', 'Futurism', 'Impressionism']",13,0
333,1364,5,2,0,2,1,1,1,1,1,2,"['Minimalist', 'Trippy', 'Cubism']",5,0
334,2178,3,0,0,2,1,1,1,1,1,1,"['Pop Art', 'Psychedelic', 'Dadaism']",6,0
335,657,1,1,0,0,0,1,2,0,2,0,['Cubism'],11,0
336,2499,1,2,2,1,1,2,0,0,0,0,['Rave'],4,1
337,161,1,1,4,0,1,2,2,1,1,1,"['Trippy', 'Psychedelic', 'Cubism']",8,0
338,507,4,0,0,1,0,0,1,1,2,0,"['Realism', 'Psychedelic', 'Cubism']",11,0
339,2610,5,0,1,2,1,2,0,1,0,0,"['Psychedelic', 'Rave', 'Abstract']",12,1
340,1031,2,1,1,1,0,0,2,0,0,0,"['Realism', 'Minimalist', 'Conceptual']",7,1
341,2841,1,2,0,1,2,1,0,0,1,0,"['Minimalist', 'Dadaism', 'Expressionism']",10,1
342,2045,0,3,1,2,0,2,2,0,1,1,"['Minimalist', 'Cubism']",9,0
343,677,2,3,1,0,2,0,2,1,0,1,"['Bohemian', 'Impressionism', 'Abstract']",14,0
344,1260,1,1,0,1,1,2,1,0,2,2,"['Conceptual', 'Realism', 'Pop Art']",8,1
345,1544,1,3,2,1,2,1,0,1,1,1,['Minimalist'],15,1
346,1972,2,2,0,0,0,1,1,1,1,2,['Conceptual'],9,1
347,1338,4,0,1,1,0,0,0,0,0,2,['Minimalist'],4,1
348,1947,3,2,0,1,2,1,0,1,0,0,"['Minimalist', 'Realism']",3,0
349,156,2,3,3,1,0,0,2,1,0,0,['Dadaism'],8,1
350,463,4,0,0,1,0,1,2,1,0,1,"['Rave', 'Realism']",6,1
351,770,0,0,3,2,2,2,0,0,0,0,"['Futurism', 'Psychedelic']",12,0
352,899,3,3,2,2,0,0,1,0,1,0,"['Futurism', 'Impressionism', 'Expressionism']",15,1
353,1875,2,3,2,2,1,1,2,0,0,2,"['Cubism', 'Futurism']",14,0
354,1762,3,1,4,2,0,2,2,0,2,1,"['Bohemian', 'Dadaism', 'Psychedelic']",14,1
355,1202,2,1,1,1,2,2,0,1,2,1,"['Conceptual', 'Expressionism', 'Trippy']",15,1
356,2080,2,0,3,2,0,0,0,1,2,2,"['Expressionism', 'Cubism']",5,1
357,2405,5,1,2,2,0,0,1,0,2,0,"['Expressionism', 'Cubism', 'Bohemian']",4,0
358,2046,3,3,3,0,2,2,0,1,2,2,['Impressionism'],13,0
359,616,3,2,3,1,0,0,1,0,0,1,"['Impressionism', 'Abstract', 'Bohemian']",15,1
360,2430,2,0,4,2,1,1,2,1,1,0,['Surrealism'],5,1
361,212,4,2,1,1,2,0,1,0,2,1,"['Futurism', 'Trippy', 'Expressionism']",14,0
362,684,4,2,4,0,0,2,0,0,0,1,"['Cubism', 'Futurism', 'Psychedelic']",5,1
363,2730,2,1,1,0,1,2,1,1,0,2,"['Trippy', 'Pop Art', 'Psychedelic']",7,0
364,2179,4,3,3,1,0,1,2,1,1,1,['Bohemian'],12,0
365,2708,3,2,1,2,0,0,2,0,1,0,"['Cubism', 'Expressionism', 'Abstract']",3,1
366,2615,3,2,2,0,1,1,2,0,2,2,"['Surrealism', 'Impressionism']",7,0
367,384,1,3,2,2,1,1,1,1,2,2,"['Pop Art', 'Realism', 'Bohemian']",9,1
368,1921,1,1,0,1,1,0,2,0,1,2,['Bohemian'],3,0
369,1741,4,2,4,2,2,0,2,1,0,0,"['Conceptual', 'Trippy', 'Minimalist']",4,0
370,1683,0,1,0,2,0,2,1,0,0,0,"['Cubism', 'Minimalist', 'Realism']",13,1
371,1570,0,1,4,0,0,1,2,0,0,1,['Pop Art'],4,0
372,1505,3,1,0,2,0,1,2,1,1,2,"['Bohemian', 'Pop Art', 'Expressionism']",11,0
373,1203,5,0,1,2,1,1,0,1,2,0,['Expressionism'],5,1
374,1638,1,0,4,0,2,0,0,1,1,2,"['Expressionism', 'Conceptual']",13,0
375,2290,4,2,1,0,0,2,1,0,2,2,"['Expressionism', 'Dadaism']",8,0
376,1583,1,2,3,1,1,0,0,1,0,1,"['Futurism', 'Cubism', 'Pop Art']",9,0
377,848,4,0,2,1,2,1,2,0,2,0,"['Expressionism', 'Psychedelic', 'Trippy']",11,1
378,1760,1,2,2,1,2,1,2,0,2,1,"['Dadaism', 'Expressionism', 'Impressionism']",5,0
379,693,2,1,1,0,0,0,1,0,1,1,['Rave'],12,1
380,2814,5,2,3,1,1,2,1,0,0,0,"['Dadaism', 'Psychedelic']",11,0
381,2690,1,0,0,1,0,0,1,1,0,1,"['Minimalist', 'Pop Art', 'Realism']",4,0
382,1351,5,3,4,2,2,2,2,1,2,1,['Minimalist'],3,0
383,1234,4,0,4,2,2,2,2,1,1,0,"['Impressionism', 'Futurism', 'Conceptual']",4,0
384,1283,0,2,4,0,0,1,2,1,2,0,"['Dadaism', 'Psychedelic']",12,1
385,730,2,3,4,2,2,0,2,0,0,0,['Dadaism'],14,1
386,852,3,3,3,1,0,0,1,1,2,0,"['Expressionism', 'Dadaism']",5,0
387,2159,3,1,4,0,0,0,0,0,1,0,"['Bohemian', 'Trippy']",4,0
388,2607,4,3,4,2,2,0,0,0,0,1,['Minimalist'],3,1
389,2019,5,3,4,1,0,0,0,1,1,1,"['Realism', 'Rave', 'Trippy']",3,1
390,2494,3,2,1,1,0,1,0,0,2,0,"['Abstract', 'Minimalist', 'Bohemian']",10,0
391,2514,1,3,4,2,2,1,0,0,1,2,['Minimalist'],13,1
392,2672,3,1,0,0,2,0,0,1,2,1,"['Conceptual', 'Abstract', 'Surrealism']",10,1
393,2407,2,3,2,1,1,2,1,0,0,1,"['Conceptual', 'Trippy', 'Abstract']",11,0
394,1860,5,1,4,2,0,0,2,0,2,1,"['Bohemian', 'Surrealism', 'Abstract']",9,1
395,1632,2,2,0,1,2,0,0,1,2,1,"['Conceptual', 'Psychedelic', 'Abstract']",5,1
396,2327,4,2,3,2,2,1,0,0,0,2,"['Minimalist', 'Pop Art', 'Rave']",6,0
397,1419,4,1,1,0,1,1,2,1,1,1,['Trippy'],12,0
398,128,0,0,0,0,1,1,1,1,0,2,"['Expressionism', 'Conceptual', 'Bohemian']",6,0
399,1759,0,1,4,2,2,0,0,0,1,0,"['Rave', 'Impressionism']",11,0
400,2562,1,2,3,1,0,0,2,1,2,2,"['Minimalist', 'Dadaism']",8,0
401,109,1,1,4,1,2,2,0,1,2,1,"['Psychedelic', 'Bohemian']",11,1
402,1861,1,3,0,0,0,0,0,0,0,2,"['Minimalist', 'Impressionism', 'Psychedelic']",15,0
403,771,4,2,3,0,0,2,2,1,1,1,"['Impressionism', 'Pop Art']",13,0
404,689,3,3,1,2,0,0,0,1,1,2,['Expressionism'],3,1
405,1206,4,3,1,1,1,2,0,1,1,1,"['Minimalist', 'Realism', 'Bohemian']",11,1
406,104,4,1,3,2,1,2,1,1,1,1,['Abstract'],8,0
407,1930,4,1,2,0,2,1,0,0,0,0,"['Realism', 'Futurism']",15,0
408,2382,1,0,1,0,0,2,2,1,2,1,['Bohemian'],15,0
409,1374,4,3,2,2,1,2,2,1,0,1,"['Pop Art', 'Impressionism', 'Rave']",13,1
410,2860,0,0,4,1,0,1,0,1,0,1,"['Rave', 'Cubism', 'Dadaism']",7,0
411,2804,5,3,4,0,2,2,1,0,0,0,['Realism'],12,0
412,1950,5,0,2,0,0,2,0,0,1,1,"['Minimalist', 'Abstract', 'Impressionism']",14,0
413,1142,1,0,0,0,0,2,0,1,2,0,"['Impressionism', 'Pop Art', 'Minimalist']",8,1
414,125,0,3,1,1,0,2,2,1,1,2,"['Psychedelic', 'Realism', 'Abstract']",4,0
415,2759,0,3,1,2,1,1,2,1,2,0,"['Realism', 'Psychedelic', 'Pop Art']",7,1
416,2968,3,1,3,1,1,0,1,0,1,1,"['Pop Art', 'Abstract']",6,0
417,885,2,3,0,0,2,1,0,0,1,2,"['Surrealism', 'Futurism']",15,1
418,957,4,1,1,2,2,1,0,0,2,0,['Cubism'],10,0
419,638,3,1,2,2,1,1,2,0,1,0,['Surrealism'],8,1
420,2465,2,1,0,0,2,0,0,0,1,1,"['Bohemian', 'Rave', 'Abstract']",9,0
421,526,3,3,0,1,2,2,1,1,1,1,['Pop Art'],9,0
422,880,1,3,4,1,1,1,0,0,0,0,['Bohemian'],15,0
423,1351,1,1,3,0,0,1,1,1,1,2,"['Pop Art', 'Conceptual', 'Surrealism']",7,0
424,2849,4,0,2,1,0,0,0,1,0,0,"['Conceptual', 'Impressionism']",5,0
425,334,5,3,3,0,1,1,2,0,0,2,"['Futurism', 'Abstract']",15,1
426,2559,3,1,1,2,1,0,1,1,2,2,"['Bohemian', 'Abstract', 'Surrealism']",12,1
427,2742,2,0,3,1,0,1,1,1,2,0,"['Dadaism', 'Psychedelic']",15,0
428,2724,0,2,4,1,2,0,2,0,1,0,"['Conceptual', 'Impressionism']",6,1
429,1665,2,1,2,2,1,2,1,1,2,2,"['Realism', 'Cubism', 'Dadaism']",15,0
430,2882,3,3,4,0,0,1,1,1,2,0,"['Dadaism', 'Rave', 'Bohemian']",9,1
431,2886,3,0,1,2,2,0,2,0,2,2,"['Pop Art', 'Realism', 'Surrealism']",4,0
432,544,5,1,3,2,0,1,2,0,1,0,"['Bohemian', 'Dadaism']",12,0
433,2347,4,1,0,2,0,2,2,0,2,2,['Surrealism'],4,0
434,1868,0,1,3,0,2,1,0,0,2,1,"['Minimalist', 'Conceptual', 'Rave']",10,1
435,746,5,3,0,1,1,0,2,1,1,1,"['Psychedelic', 'Dadaism', 'Cubism']",13,0
436,2583,0,2,4,0,0,1,1,1,1,1,"['Impressionism', 'Surrealism']",8,1
437,2847,0,3,0,1,0,1,1,0,0,2,"['Conceptual', 'Psychedelic']",7,1
438,2370,4,0,3,1,1,2,0,1,0,2,"['Impressionism', 'Abstract']",12,1
439,1098,4,2,0,1,2,0,2,0,2,1,"['Impressionism', 'Rave', 'Conceptual']",7,1
440,2580,4,1,0,2,0,1,1,0,0,2,['Realism'],12,1
441,2172,0,3,3,2,0,2,0,1,0,1,"['Minimalist', 'Realism']",13,1
442,1656,3,3,4,0,2,2,1,1,0,2,['Minimalist'],7,0
443,2923,0,0,2,0,2,2,1,1,0,2,"['Trippy', 'Cubism']",8,1
444,2608,4,1,2,1,2,0,2,0,1,1,['Futurism'],7,0
445,408,4,1,1,1,1,2,1,1,0,1,"['Impressionism', 'Rave']",8,1
446,1710,5,1,4,0,1,2,1,0,2,2,['Impressionism'],11,0
447,174,2,2,4,2,1,1,1,0,0,0,"['Surrealism', 'Conceptual']",11,1
448,1384,0,0,3,0,0,2,2,0,0,1,['Conceptual'],7,0
449,2813,4,2,1,1,2,0,0,0,1,1,"['Bohemian', 'Minimalist', 'Rave']",13,1
450,1088,1,1,0,2,0,0,1,1,1,1,['Trippy'],9,0
451,2279,4,2,4,0,0,2,0,0,2,0,['Minimalist'],13,1
452,443,2,1,4,1,0,1,0,0,1,1,"['Trippy', 'Expressionism']",5,0
453,1248,3,0,4,0,1,0,2,1,0,0,"['Trippy', 'Psychedelic']",13,1
454,116,0,3,1,1,2,2,2,1,2,0,"['Psychedelic', 'Dadaism']",11,0
455,1402,2,2,1,0,1,1,1,1,2,1,"['Trippy', 'Minimalist', 'Psychedelic']",13,0
456,2099,2,1,1,2,1,2,0,0,0,2,['Expressionism'],4,0
457,161,2,0,1,1,2,0,2,1,1,1,"['Bohemian', 'Impressionism', 'Expressionism']",11,1
458,1338,2,0,4,1,0,1,2,0,1,2,"['Bohemian', 'Impressionism']",4,1
459,132,1,1,1,0,2,2,0,1,0,0,"['Futurism', 'Dadaism']",7,0
460,1152,4,0,0,2,2,2,1,0,1,0,"['Abstract', 'Realism']",5,0
461,811,3,3,0,0,2,0,0,0,2,2,"['Dadaism', 'Cubism']",7,1
462,1552,1,3,2,2,1,1,2,0,2,1,"['Impressionism', 'Conceptual', 'Abstract']",11,0
463,131,2,2,3,2,2,1,1,0,2,1,"['Minimalist', 'Dadaism']",6,0
464,2353,5,2,1,2,0,2,0,1,0,1,"['Cubism', 'Rave', 'Realism']",4,1
465,867,1,0,1,1,1,0,2,1,0,1,['Expressionism'],7,1
466,1463,1,1,1,2,2,0,0,0,1,0,"['Trippy', 'Rave', 'Impressionism']",14,1
467,180,4,1,0,2,0,2,1,1,1,2,"['Minimalist', 'Surrealism']",5,0
468,2947,1,2,1,2,2,1,2,1,1,2,"['Pop Art', 'Minimalist', 'Expressionism']",12,0
469,2839,2,3,2,1,2,2,1,0,2,0,"['Dadaism', 'Futurism', 'Conceptual']",13,0
470,1898,0,2,2,1,1,2,0,0,2,0,['Expressionism'],8,1
471,2863,1,1,1,2,2,2,2,0,0,1,"['Psychedelic', 'Dadaism', 'Futurism']",15,1
472,232,3,2,3,2,2,0,1,1,1,0,['Pop Art'],6,0
473,2628,3,1,3,0,2,2,2,1,1,0,"['Realism', 'Conceptual', 'Futurism']",11,1
474,893,2,2,4,2,2,1,1,1,0,0,"['Bohemian', 'Realism']",10,0
475,1944,0,3,0,1,0,2,0,0,0,0,['Bohemian'],9,1
476,970,2,2,3,1,0,1,0,1,2,1,"['Pop Art', 'Trippy']",8,0
477,2357,3,1,0,0,1,2,0,0,0,0,['Conceptual'],13,0
478,2133,1,2,3,1,2,1,2,1,1,0,"['Rave', 'Expressionism', 'Pop Art']",10,1
479,401,3,0,4,2,2,1,2,0,0,2,"['Abstract', 'Pop Art']",9,0
480,1887,5,1,4,0,0,2,1,0,2,0,['Psychedelic'],15,0
481,399,3,0,3,0,1,0,0,1,2,0,['Surrealism'],10,0
482,461,3,1,2,2,0,0,0,0,2,2,"['Dadaism', 'Rave', 'Conceptual']",6,1
483,2353,3,1,3,2,1,0,0,1,0,2,"['Impressionism', 'Pop Art', 'Surrealism']",9,0
484,1239,5,1,3,2,0,2,1,0,2,2,"['Cubism', 'Impressionism']",10,1
485,1586,3,1,0,1,2,0,1,0,2,1,"['Surrealism', 'Cubism', 'Realism']",14,0
486,2805,4,1,2,1,2,2,1,0,2,2,['Bohemian'],7,1
487,569,4,0,1,2,0,0,2,1,0,2,"['Pop Art', 'Surrealism', 'Trippy']",13,0
488,2482,1,1,3,1,0,2,1,1,1,2,"['Impressionism', 'Futurism', 'Trippy']",3,1
489,527,0,2,1,2,2,0,0,0,2,2,"['Dadaism', 'Minimalist']",14,0
490,144,4,2,0,1,1,2,0,0,1,0,['Abstract'],14,0
491,2385,4,1,4,0,0,2,1,0,1,2,['Expressionism'],8,1
492,392,5,0,3,2,2,2,1,0,2,1,"['Pop Art', 'Trippy', 'Abstract']",8,0
493,1916,2,2,1,1,2,1,0,0,2,0,['Trippy'],3,0
494,1403,5,0,0,1,1,0,2,1,2,2,['Expressionism'],5,1
495,442,1,0,0,2,1,1,2,1,2,2,['Trippy'],7,0
496,2631,1,2,0,0,1,1,2,1,0,0,"['Bohemian', 'Abstract', 'Conceptual']",3,0
497,430,4,1,2,0,2,0,0,1,1,2,['Expressionism'],3,1
498,2771,3,0,4,1,0,0,1,0,2,0,"['Realism', 'Expressionism']",11,0
499,1830,4,3,0,2,2,1,2,1,2,0,"['Realism', 'Abstract', 'Psychedelic']",7,1
500,148,5,1,1,1,1,2,2,0,1,2,['Surrealism'],3,1
501,705,3,0,0,2,0,2,1,0,2,0,"['Psychedelic', 'Dadaism']",8,0
502,1931,0,2,2,2,1,1,1,1,2,1,"['Abstract', 'Dadaism']",4,0
503,1861,5,1,3,0,1,0,2,1,2,2,"['Realism', 'Rave']",13,0
504,2759,3,0,0,2,0,0,2,1,0,0,"['Realism', 'Futurism', 'Rave']",13,1
505,2121,2,0,0,0,0,0,1,1,0,1,['Conceptual'],15,0
506,580,2,3,4,2,0,0,2,1,2,0,['Minimalist'],7,0
507,2447,2,2,4,1,1,0,1,1,2,2,"['Realism', 'Psychedelic']",13,0
508,377,0,3,0,0,0,2,1,1,0,2,"['Dadaism', 'Trippy', 'Realism']",4,1
509,479,4,0,2,1,2,0,2,0,2,2,"['Conceptual', 'Impressionism']",12,1
510,884,5,1,2,0,1,1,2,1,0,2,"['Pop Art', 'Futurism']",6,1
511,1237,4,1,3,2,0,1,0,1,2,0,['Realism'],3,0
512,1810,1,2,3,1,1,1,2,0,2,0,"['Realism', 'Expressionism', 'Dadaism']",7,1
513,1692,0,3,3,2,2,2,1,1,2,1,"['Psychedelic', 'Rave']",13,1
514,603,2,2,4,0,1,2,2,0,1,1,['Cubism'],7,0
515,125,1,0,1,1,0,0,1,1,2,1,"['Bohemian', 'Conceptual']",5,1
516,641,2,2,2,0,1,0,1,0,2,2,"['Impressionism', 'Cubism']",15,0
517,2545,2,2,0,1,1,0,1,1,0,0,"['Conceptual', 'Realism']",3,1
518,1065,4,2,0,2,2,2,1,1,2,1,"['Rave', 'Futurism', 'Trippy']",10,0
519,1832,1,2,1,0,2,2,0,1,1,1,"['Rave', 'Abstract']",11,0
520,2610,1,1,3,1,1,2,1,0,0,1,"['Expressionism', 'Minimalist', 'Conceptual']",4,1
521,1833,3,1,1,0,1,1,0,0,1,1,"['Surrealism', 'Realism', 'Abstract']",8,0
522,1906,4,0,2,0,0,1,2,0,0,0,"['Futurism', 'Realism']",4,0
523,715,5,3,2,1,0,1,0,0,0,2,['Abstract'],5,1
524,1813,4,0,1,2,2,1,0,0,1,1,"['Surrealism', 'Abstract', 'Expressionism']",12,0
525,399,3,2,2,0,0,2,2,0,1,0,"['Dadaism', 'Rave']",7,1
526,958,1,2,2,1,1,2,1,0,0,1,"['Cubism', 'Trippy']",13,1
527,339,5,2,4,0,1,2,0,0,0,2,['Bohemian'],9,0
528,1474,4,3,0,1,1,0,1,1,2,2,"['Pop Art', 'Cubism', 'Futurism']",12,1
529,376,4,3,1,2,1,0,1,1,2,2,['Cubism'],14,0
530,2725,5,0,3,1,0,1,2,1,1,2,['Rave'],8,0
531,1295,3,0,4,2,0,0,2,1,1,2,"['Trippy', 'Psychedelic', 'Bohemian']",13,1
532,224,0,2,0,2,0,2,2,0,2,2,['Rave'],4,0
533,1762,2,2,1,1,1,2,2,0,0,1,"['Realism', 'Conceptual', 'Dadaism']",4,1
534,724,2,0,3,2,2,0,0,1,0,2,"['Conceptual', 'Realism']",5,1
535,417,5,1,0,1,1,1,1,0,1,2,"['Rave', 'Trippy']",5,0
536,1317,1,3,3,2,0,0,0,0,0,0,"['Pop Art', 'Psychedelic']",13,0
537,294,0,1,3,2,1,1,0,1,0,2,"['Dadaism', 'Rave', 'Futurism']",4,0
538,1328,0,3,1,2,2,2,1,1,2,2,"['Impressionism', 'Psychedelic']",15,0
539,670,4,3,3,1,1,2,0,1,2,1,"['Minimalist', 'Rave']",15,0
540,1178,5,3,3,1,2,2,0,0,0,1,"['Psychedelic', 'Dadaism', 'Surrealism']",8,0
541,609,0,2,2,1,2,2,1,0,1,0,"['Rave', 'Impressionism', 'Futurism']",13,0
542,2800,0,0,3,0,1,1,1,0,0,0,['Trippy'],9,0
543,1976,1,3,3,1,0,2,2,1,0,1,"['Bohemian', 'Minimalist']",15,0
544,824,3,1,4,0,2,2,0,0,1,2,"['Cubism', 'Abstract', 'Expressionism']",11,1
545,2344,1,3,4,0,2,2,0,1,1,1,"['Minimalist', 'Cubism', 'Bohemian']",11,1
546,2911,2,3,4,1,2,1,2,1,0,0,"['Cubism', 'Bohemian', 'Psychedelic']",8,1
547,2955,5,1,4,0,1,1,1,0,0,2,"['Surrealism', 'Impressionism']",4,0
548,1914,5,2,3,0,2,0,2,0,2,2,['Abstract'],7,1
549,1126,3,1,1,2,1,1,1,1,1,1,"['Minimalist', 'Trippy', 'Dadaism']",7,1
550,2437,3,3,3,2,2,2,1,0,0,0,['Minimalist'],9,0
551,2794,3,1,3,2,0,0,2,0,2,2,"['Psychedelic', 'Abstract']",9,1
552,1409,5,2,3,1,1,0,1,1,0,2,"['Dadaism', 'Realism']",12,1
553,380,1,1,0,2,0,0,1,0,1,2,['Cubism'],3,1
554,327,2,1,2,1,1,2,2,1,1,0,"['Bohemian', 'Surrealism', 'Psychedelic']",8,0
555,1100,2,3,4,0,2,1,1,0,2,0,"['Minimalist', 'Expressionism']",12,0
556,884,2,2,4,1,2,0,0,0,1,0,"['Abstract', 'Dadaism', 'Cubism']",5,0
557,2678,2,1,1,2,2,0,0,0,0,0,['Rave'],4,1
558,1719,5,2,0,0,0,1,0,1,1,0,"['Futurism', 'Abstract']",14,0
559,1752,5,1,1,1,1,2,1,0,2,2,"['Pop Art', 'Futurism', 'Rave']",5,1
560,268,3,2,1,1,0,1,1,1,2,1,['Impressionism'],8,1
561,2540,0,0,3,2,2,2,1,0,2,1,['Surrealism'],8,1
562,300,2,1,0,0,1,2,1,1,1,1,['Trippy'],14,0
563,2890,4,0,2,0,2,2,0,1,2,1,"['Psychedelic', 'Impressionism', 'Bohemian']",15,1
564,2757,3,2,3,0,1,1,2,1,0,2,"['Pop Art', 'Impressionism']",15,0
565,2548,1,1,1,2,1,2,0,1,0,2,['Pop Art'],8,0
566,1456,1,1,1,0,1,2,0,0,2,2,['Surrealism'],11,0
567,819,4,1,4,0,2,1,1,0,0,0,['Psychedelic'],7,0
568,1919,3,1,2,2,0,0,1,1,2,2,"['Psychedelic', 'Futurism', 'Cubism']",10,1
569,1637,5,1,3,1,0,1,1,1,2,2,"['Psychedelic', 'Minimalist', 'Dadaism']",13,1
570,2448,2,3,2,1,1,1,2,0,0,2,"['Expressionism', 'Realism']",8,0
571,497,4,2,2,1,2,0,1,1,1,1,"['Impressionism', 'Surrealism', 'Futurism']",6,1
572,488,4,2,1,0,2,2,0,1,0,2,['Pop Art'],10,1
573,1899,3,1,1,0,0,1,1,0,1,1,"['Dadaism', 'Expressionism']",4,0
574,310,1,2,1,1,0,0,2,0,1,1,"['Bohemian', 'Abstract', 'Impressionism']",8,1
575,576,4,2,2,2,1,0,2,1,2,0,['Realism'],15,0
576,503,1,2,3,1,0,1,2,0,2,0,"['Minimalist', 'Realism']",12,0
577,1591,4,1,0,0,0,0,0,0,2,0,"['Pop Art', 'Psychedelic', 'Trippy']",3,0
578,2295,5,0,3,2,0,1,2,1,0,0,['Surrealism'],5,0
579,2187,1,3,2,1,2,1,0,0,0,2,['Impressionism'],15,0
580,1089,4,0,2,0,1,1,0,1,2,1,"['Rave', 'Psychedelic']",14,1
581,2653,0,3,0,2,1,1,0,0,1,0,"['Futurism', 'Realism', 'Pop Art']",15,1
582,607,0,2,4,1,0,1,1,1,1,2,"['Cubism', 'Expressionism']",10,0
583,972,1,1,1,1,0,0,2,0,1,0,"['Minimalist', 'Surrealism']",4,1
584,2509,1,1,3,1,2,2,0,0,2,2,['Futurism'],3,1
585,2553,3,2,4,1,2,1,1,1,1,1,"['Dadaism', 'Psychedelic']",10,1
586,950,4,2,2,0,1,0,0,1,0,2,['Abstract'],8,1
587,2751,1,0,2,1,0,0,1,1,1,1,['Surrealism'],10,1
588,1994,5,1,2,2,0,2,0,1,0,1,['Impressionism'],10,1
589,1802,0,0,0,2,0,2,1,1,1,2,['Abstract'],4,1
590,2996,2,0,3,1,2,2,2,0,2,2,"['Abstract', 'Impressionism']",9,1
591,2069,3,3,4,0,1,1,1,1,2,2,['Pop Art'],5,0
592,2784,4,2,4,2,0,2,1,1,2,0,"['Futurism', 'Bohemian']",4,1
593,329,2,1,3,1,1,1,0,0,1,1,['Rave'],5,0
594,1919,3,0,4,2,1,2,1,1,2,2,['Impressionism'],9,1
595,2585,2,0,0,2,1,2,1,1,1,0,['Futurism'],8,0
596,802,5,0,2,2,2,0,1,1,2,0,"['Rave', 'Futurism']",15,1
597,1198,1,2,2,1,0,0,1,1,0,2,"['Realism', 'Surrealism']",12,1
598,2931,5,3,3,1,2,1,0,1,0,1,['Expressionism'],5,0
599,1734,2,3,2,1,0,0,2,0,0,1,"['Impressionism', 'Rave']",15,0
600,733,5,2,4,0,2,0,0,0,0,1,"['Surrealism', 'Dadaism']",14,1
601,2946,2,2,2,0,0,2,0,1,0,0,['Dadaism'],15,1
602,974,1,0,1,2,1,1,1,1,0,0,['Surrealism'],15,1
603,1732,4,1,3,1,1,0,0,1,2,1,"['Realism', 'Psychedelic', 'Cubism']",6,1
604,2737,1,1,1,2,1,2,0,0,0,0,['Bohemian'],11,1
605,2879,5,1,2,2,1,2,2,0,2,1,"['Impressionism', 'Realism', 'Abstract']",9,0
606,2254,5,3,0,1,1,1,0,1,0,0,['Pop Art'],13,0
607,2916,5,3,3,0,1,0,0,0,2,1,['Bohemian'],8,0
608,2146,5,0,0,0,2,1,2,1,1,1,"['Bohemian', 'Impressionism', 'Cubism']",9,1
609,1323,5,1,4,2,0,2,0,1,2,2,"['Surrealism', 'Impressionism', 'Pop Art']",15,0
610,2624,5,2,1,0,1,1,2,1,1,0,['Impressionism'],3,1
611,752,1,3,4,1,2,0,1,1,1,0,"['Abstract', 'Minimalist', 'Dadaism']",3,1
612,234,4,0,2,0,2,0,1,1,1,1,"['Realism', 'Rave']",12,1
613,289,1,1,2,2,0,2,2,0,2,0,"['Realism', 'Rave', 'Trippy']",5,0
614,382,1,2,0,2,0,1,0,0,0,2,['Pop Art'],13,0
615,2190,2,1,1,1,0,0,0,0,0,1,"['Minimalist', 'Impressionism', 'Trippy']",7,1
616,266,0,0,4,0,2,1,2,1,0,1,"['Cubism', 'Minimalist', 'Trippy']",10,0
617,1277,2,3,0,1,2,2,2,0,1,2,"['Futurism', 'Realism']",4,1
618,420,2,0,3,1,1,2,0,0,1,2,['Pop Art'],5,1
619,781,4,3,0,2,0,1,1,1,0,1,"['Pop Art', 'Minimalist', 'Impressionism']",11,0
620,1521,3,3,0,1,0,1,0,1,1,1,"['Futurism', 'Conceptual']",7,1
621,2185,5,2,1,2,0,2,0,0,2,2,"['Cubism', 'Impressionism']",11,1
622,1607,3,0,4,0,2,2,2,1,0,1,['Surrealism'],11,0
623,854,4,0,3,2,2,2,2,1,1,2,"['Futurism', 'Realism', 'Trippy']",8,0
624,1291,5,2,3,2,1,0,0,0,0,0,"['Rave', 'Minimalist', 'Pop Art']",13,0
625,2767,4,2,2,0,0,2,0,1,1,0,"['Psychedelic', 'Impressionism', 'Conceptual']",8,1
626,699,2,0,2,2,2,0,2,0,1,1,['Abstract'],14,1
627,797,3,0,1,0,2,2,0,1,1,1,['Rave'],8,0
628,2681,1,2,4,2,0,0,0,1,1,2,"['Trippy', 'Rave']",10,0
629,699,1,3,0,1,2,0,1,0,0,0,"['Impressionism', 'Surrealism', 'Futurism']",12,0
630,2316,2,3,4,1,0,2,2,1,2,2,"['Rave', 'Impressionism']",12,1
631,2441,0,2,2,0,1,0,0,0,0,1,"['Trippy', 'Rave', 'Futurism']",10,0
632,853,5,0,1,2,2,1,1,1,1,0,['Psychedelic'],11,1
633,1029,3,2,1,2,1,2,1,1,2,1,"['Rave', 'Bohemian']",7,1
634,1384,0,2,1,2,2,1,0,1,1,2,"['Cubism', 'Psychedelic']",4,0
635,2637,1,1,2,1,0,2,1,1,2,0,['Surrealism'],9,1
636,1842,5,0,4,0,0,0,1,1,0,1,"['Bohemian', 'Pop Art', 'Impressionism']",7,0
637,1779,5,2,4,1,1,0,0,0,1,0,"['Dadaism', 'Bohemian', 'Psychedelic']",15,0
638,116,1,1,1,1,1,1,1,0,1,1,"['Trippy', 'Cubism', 'Abstract']",3,1
639,359,3,3,0,0,2,1,1,1,1,1,"['Bohemian', 'Surrealism']",13,1
640,157,1,0,0,2,0,1,2,1,2,2,['Futurism'],13,0
641,472,3,2,0,2,2,0,2,0,0,1,['Dadaism'],5,0
642,2150,5,3,3,2,2,1,2,1,1,0,['Realism'],13,0
643,1252,2,3,2,1,1,2,2,0,2,1,['Trippy'],11,1
644,2744,3,1,0,2,2,1,0,0,0,1,"['Dadaism', 'Psychedelic', 'Futurism']",8,0
645,681,0,3,3,0,0,2,1,0,0,2,['Dadaism'],9,1
646,2220,1,2,1,2,0,2,2,1,1,1,"['Abstract', 'Realism']",11,1
647,1699,5,1,2,2,1,0,0,1,2,0,['Surrealism'],11,1
648,1003,3,3,2,2,0,2,2,0,0,2,"['Cubism', 'Minimalist', 'Realism']",11,1
649,1756,0,0,4,0,2,2,0,0,1,0,"['Expressionism', 'Impressionism']",3,1
650,427,0,3,3,2,1,2,0,0,1,1,['Pop Art'],15,0
651,1163,2,3,3,2,0,1,1,1,0,0,"['Pop Art', 'Conceptual']",13,0
652,2044,5,1,4,2,0,2,2,0,1,0,"['Pop Art', 'Dadaism']",11,1
653,1182,3,0,2,0,0,1,1,1,1,2,"['Trippy', 'Psychedelic', 'Abstract']",15,0
654,1498,1,1,2,2,1,0,0,0,2,2,['Bohemian'],8,0
655,2240,0,1,4,0,0,2,2,0,2,1,['Impressionism'],4,0
656,2053,4,1,4,2,1,0,2,1,0,0,['Impressionism'],11,0
657,2578,0,1,1,2,1,1,1,1,2,1,"['Pop Art', 'Realism']",12,0
658,2061,0,3,4,0,0,2,0,1,2,1,"['Bohemian', 'Realism']",3,0
659,1529,3,0,0,1,1,2,0,1,2,1,['Surrealism'],14,1
660,2069,2,2,3,2,0,1,2,0,2,1,"['Realism', 'Bohemian']",4,1
661,1039,4,3,4,1,1,1,1,1,0,0,['Psychedelic'],8,1
662,924,2,0,1,0,0,0,1,0,2,1,['Expressionism'],7,0
663,463,2,2,4,2,1,1,0,0,0,0,"['Conceptual', 'Bohemian']",12,1
664,209,3,1,1,2,0,0,0,0,2,0,['Trippy'],3,0
665,1659,5,0,2,2,1,0,1,0,2,0,"['Dadaism', 'Conceptual', 'Expressionism']",12,1
666,2431,5,2,3,0,0,0,0,1,1,2,"['Abstract', 'Surrealism', 'Conceptual']",13,1
667,976,5,1,2,0,1,0,2,0,1,2,['Dadaism'],8,1
668,2059,4,0,3,0,0,0,0,1,2,0,['Conceptual'],12,1
669,484,1,0,3,0,2,0,2,1,2,1,['Realism'],11,0
670,2905,0,2,4,1,0,0,0,1,0,0,"['Psychedelic', 'Conceptual']",15,1
671,1522,4,2,3,2,2,2,2,0,1,2,"['Expressionism', 'Pop Art', 'Trippy']",8,0
672,2412,5,2,1,0,2,2,1,1,2,1,['Expressionism'],11,0
673,1316,0,0,2,1,1,0,2,1,2,0,"['Futurism', 'Cubism']",6,1
674,934,1,2,1,2,0,1,1,1,1,1,"['Dadaism', 'Rave', 'Cubism']",7,1
675,1364,1,3,3,1,1,2,2,0,2,1,['Expressionism'],15,1
676,2179,3,0,3,1,1,2,0,1,0,2,"['Trippy', 'Minimalist', 'Cubism']",8,1
677,2924,5,3,2,2,0,0,2,1,2,1,['Bohemian'],5,1
678,591,2,1,1,0,2,2,2,1,2,1,['Realism'],14,1
679,212,2,1,3,1,0,0,0,0,1,2,"['Rave', 'Psychedelic']",12,0
680,2566,3,1,4,0,0,0,1,1,0,0,['Realism'],4,1
681,2258,5,1,0,0,2,0,2,1,0,1,"['Futurism', 'Bohemian', 'Expressionism']",9,0
682,1334,5,2,4,0,1,2,0,1,0,0,['Rave'],6,0
683,2472,3,1,0,0,2,0,2,0,2,0,"['Surrealism', 'Cubism']",7,1
684,784,5,3,0,0,1,1,0,1,0,0,"['Rave', 'Cubism']",11,0
685,2270,2,0,3,0,2,0,2,0,0,0,['Abstract'],13,0
686,1403,3,2,2,0,0,2,2,1,2,0,"['Impressionism', 'Expressionism', 'Realism']",9,1
687,1248,2,2,3,2,2,2,2,0,2,1,"['Impressionism', 'Dadaism', 'Conceptual']",6,1
688,1696,0,2,4,0,1,0,0,0,1,2,"['Expressionism', 'Futurism']",15,1
689,1053,4,1,0,1,0,2,1,1,2,0,"['Abstract', 'Realism', 'Minimalist']",13,1
690,682,4,0,3,1,2,0,2,0,0,1,"['Bohemian', 'Conceptual', 'Realism']",10,0
691,2468,1,2,4,0,1,0,2,0,2,1,['Surrealism'],11,1
692,1721,1,0,1,0,2,0,0,1,0,1,"['Expressionism', 'Bohemian', 'Pop Art']",12,1
693,669,0,3,3,2,0,2,1,0,2,1,"['Dadaism', 'Pop Art']",4,0
694,340,2,1,2,1,2,0,2,0,2,0,"['Expressionism', 'Minimalist', 'Surrealism']",7,0
695,2737,0,0,4,0,1,1,2,0,0,2,"['Futurism', 'Expressionism', 'Bohemian']",5,0
696,2363,4,2,4,0,2,2,2,1,1,2,"['Impressionism', 'Bohemian']",14,1
697,1684,3,1,1,2,2,1,1,0,2,2,"['Conceptual', 'Futurism', 'Bohemian']",7,0
698,2377,1,0,1,2,2,1,1,1,2,2,"['Surrealism', 'Expressionism']",6,1
699,920,0,0,2,0,1,1,0,0,0,0,"['Bohemian', 'Cubism', 'Impressionism']",9,1
700,2037,5,2,4,2,0,1,1,0,0,0,['Rave'],13,1
701,1996,3,2,1,1,2,0,2,1,2,2,"['Expressionism', 'Trippy']",7,0
702,2836,5,2,3,1,0,1,2,1,0,0,['Bohemian'],7,1
703,2429,1,2,3,0,0,1,2,1,1,0,['Impressionism'],14,1
704,1417,2,0,4,2,1,0,1,1,2,1,"['Abstract', 'Impressionism', 'Psychedelic']",5,1
705,2261,2,0,4,0,2,2,1,0,0,0,"['Pop Art', 'Dadaism', 'Rave']",8,1
706,646,0,1,2,1,2,2,0,0,1,1,"['Dadaism', 'Futurism', 'Impressionism']",14,1
707,1813,1,3,4,1,0,1,0,0,1,2,['Dadaism'],9,1
708,917,1,0,4,0,2,2,2,0,2,2,['Futurism'],11,1
709,1480,2,2,1,2,1,0,2,0,1,0,['Realism'],7,0
710,1400,5,0,3,0,1,1,0,1,2,0,['Futurism'],11,0
711,2708,5,3,0,2,0,0,1,0,0,2,"['Minimalist', 'Realism']",3,1
712,788,0,0,2,1,1,1,1,0,1,0,['Pop Art'],3,1
713,1792,4,0,4,2,2,0,1,1,1,1,"['Cubism', 'Rave']",14,0
714,1178,1,1,2,0,1,2,2,0,1,1,"['Realism', 'Pop Art']",13,1
715,1659,5,1,2,0,1,0,2,0,1,0,['Cubism'],6,0
716,2329,4,2,4,0,0,1,0,0,0,1,"['Minimalist', 'Cubism']",15,1
717,1961,3,3,1,2,0,1,0,1,0,1,"['Realism', 'Pop Art', 'Impressionism']",6,0
718,2114,5,0,4,0,2,1,0,1,1,0,"['Bohemian', 'Dadaism', 'Rave']",5,0
719,641,3,3,3,2,1,0,2,1,0,1,"['Impressionism', 'Trippy', 'Pop Art']",14,0
720,1738,3,2,0,1,0,1,1,0,2,0,"['Trippy', 'Conceptual', 'Impressionism']",5,1
721,2844,3,2,4,2,2,1,1,0,2,1,"['Surrealism', 'Realism', 'Futurism']",10,0
722,403,4,2,2,0,1,2,1,0,0,2,"['Conceptual', 'Abstract']",15,1
723,535,2,3,2,0,2,2,1,1,2,1,['Impressionism'],12,0
724,1886,3,0,2,2,1,0,0,0,0,1,['Expressionism'],14,0
725,2532,1,3,1,0,2,1,2,0,0,2,['Rave'],6,1
726,301,1,0,1,2,0,0,2,1,2,2,"['Minimalist', 'Abstract']",9,0
727,990,4,1,4,2,1,1,2,0,0,1,"['Pop Art', 'Cubism', 'Impressionism']",3,0
728,752,5,3,2,2,1,1,1,1,0,1,['Impressionism'],9,1
729,2267,1,3,4,1,0,2,0,1,0,0,"['Minimalist', 'Psychedelic']",9,0
730,709,3,2,4,1,2,1,1,0,0,1,['Bohemian'],15,0
731,858,2,0,0,0,1,0,2,0,0,2,['Pop Art'],11,1
732,2443,4,2,4,0,0,1,1,0,1,2,['Realism'],8,1
733,2036,4,1,2,1,1,0,0,0,1,2,"['Minimalist', 'Bohemian', 'Impressionism']",13,1
734,1769,3,3,2,2,1,1,1,0,0,1,"['Conceptual', 'Bohemian']",7,0
735,629,3,2,0,1,2,1,1,0,1,2,['Bohemian'],9,1
736,110,4,2,0,2,0,1,2,0,1,1,"['Abstract', 'Futurism']",12,0
737,2489,0,1,4,1,1,2,1,0,2,0,"['Realism', 'Pop Art']",4,0
738,2165,2,1,2,0,2,1,2,0,1,0,"['Trippy', 'Pop Art']",4,0
739,320,0,3,3,1,0,2,2,0,0,0,"['Rave', 'Dadaism', 'Minimalist']",10,0
740,2218,4,3,0,1,1,1,0,1,0,1,"['Futurism', 'Psychedelic', 'Impressionism']",4,1
741,1786,1,2,0,2,1,2,0,1,0,2,"['Surrealism', 'Bohemian']",5,0
742,790,5,2,2,2,0,1,0,1,0,2,['Minimalist'],9,1
743,1859,2,1,2,2,1,0,2,0,0,0,"['Impressionism', 'Realism']",6,0
744,993,2,2,0,2,2,1,1,1,2,1,"['Impressionism', 'Realism', 'Pop Art']",6,0
745,1021,4,2,4,1,1,2,2,0,2,2,['Expressionism'],3,1
746,372,2,1,1,1,2,2,0,0,1,2,"['Minimalist', 'Bohemian']",12,1
747,753,0,1,0,0,0,2,2,0,0,2,"['Conceptual', 'Dadaism']",13,1
748,2467,0,2,2,0,1,2,2,1,2,1,['Pop Art'],4,1
749,275,4,2,3,1,2,0,1,0,0,2,"['Surrealism', 'Futurism']",5,1
750,713,5,3,3,1,0,0,0,0,0,2,"['Realism', 'Expressionism']",3,0
751,1785,5,0,0,0,0,0,2,1,2,1,"['Futurism', 'Pop Art', 'Conceptual']",6,1
752,2103,5,3,3,1,1,1,2,0,0,1,"['Abstract', 'Expressionism', 'Surrealism']",5,0
753,1564,5,0,3,0,0,2,1,1,1,0,"['Psychedelic', 'Trippy', 'Surrealism']",8,1
754,2818,5,0,0,2,0,0,1,1,1,2,"['Cubism', 'Impressionism']",13,1
755,2595,1,1,1,0,2,0,2,0,2,2,"['Conceptual', 'Cubism', 'Dadaism']",14,0
756,2111,0,0,0,0,1,1,1,0,2,0,"['Pop Art', 'Minimalist', 'Trippy']",12,1
757,250,1,0,4,2,2,0,2,1,2,2,"['Minimalist', 'Expressionism']",8,1
758,407,3,1,0,1,2,2,0,0,2,1,"['Minimalist', 'Abstract']",4,1
759,896,0,3,0,1,2,0,2,1,2,1,"['Futurism', 'Bohemian', 'Abstract']",7,0
760,2534,1,0,1,2,1,0,0,0,1,2,"['Surrealism', 'Bohemian', 'Trippy']",8,1
761,605,5,1,4,1,2,0,1,0,1,1,"['Expressionism', 'Abstract']",3,1
762,813,5,0,3,2,0,1,1,1,2,1,"['Conceptual', 'Dadaism']",7,1
763,1146,4,2,3,2,2,0,1,1,2,2,"['Impressionism', 'Dadaism']",13,1
764,2293,0,2,2,1,2,0,2,0,0,2,['Conceptual'],8,0
765,1747,0,2,2,1,1,1,1,0,1,0,"['Psychedelic', 'Cubism', 'Trippy']",5,1
766,1739,4,1,2,1,2,2,2,1,1,2,"['Abstract', 'Impressionism']",11,1
767,2485,3,0,0,1,0,1,1,1,0,2,"['Psychedelic', 'Abstract', 'Trippy']",6,1
768,1169,0,3,0,2,2,2,2,0,0,1,"['Conceptual', 'Realism', 'Surrealism']",14,1
769,700,1,0,1,0,1,1,0,0,0,2,['Trippy'],8,0
770,1114,4,2,4,0,0,1,2,1,2,2,['Rave'],6,0
771,2238,5,1,0,2,0,1,2,1,1,0,"['Futurism', 'Surrealism']",12,0
772,852,4,1,4,1,1,1,1,0,0,0,"['Futurism', 'Cubism']",7,1
773,379,2,1,4,2,1,1,1,1,1,2,['Bohemian'],6,1
774,1593,1,2,3,0,2,0,2,1,0,1,['Abstract'],6,0
775,182,4,1,1,1,1,1,1,1,0,2,['Minimalist'],5,0
776,2732,1,3,3,2,1,2,1,1,1,0,"['Trippy', 'Expressionism']",3,0
777,582,4,0,3,2,2,2,0,1,2,1,"['Abstract', 'Trippy']",9,0
778,882,1,1,3,1,1,0,1,0,1,1,['Minimalist'],15,1
779,2335,1,3,3,2,1,0,2,1,0,2,['Conceptual'],8,1
780,245,3,0,0,1,2,1,1,1,0,1,['Expressionism'],15,0
781,2364,0,1,1,2,1,0,0,0,0,0,"['Abstract', 'Trippy', 'Bohemian']",13,0
782,1938,2,0,2,0,2,2,2,0,1,1,['Pop Art'],6,1
783,1050,5,3,4,2,2,0,0,1,0,1,"['Conceptual', 'Minimalist']",6,0
784,1084,0,0,4,0,1,1,0,0,2,1,"['Conceptual', 'Impressionism', 'Abstract']",4,0
785,1353,5,0,4,0,0,0,1,0,0,2,['Pop Art'],13,1
786,1388,3,3,4,2,2,1,1,1,1,0,['Dadaism'],4,0
787,1254,1,1,1,0,1,1,0,0,0,1,['Minimalist'],15,1
788,152,1,1,4,1,0,2,2,1,2,1,['Conceptual'],12,0
789,1487,4,2,3,2,0,1,1,1,0,2,"['Conceptual', 'Abstract', 'Dadaism']",7,1
790,1763,2,0,2,2,0,1,1,0,1,0,"['Realism', 'Impressionism', 'Psychedelic']",11,0
791,2315,4,3,2,2,0,1,0,0,1,2,"['Pop Art', 'Bohemian', 'Surrealism']",5,1
792,2226,2,2,4,1,0,1,1,0,2,0,"['Impressionism', 'Minimalist', 'Cubism']",4,1
793,1604,3,0,4,0,2,1,0,0,2,0,"['Impressionism', 'Rave', 'Surrealism']",10,0
794,2585,0,2,0,2,1,0,2,1,1,0,"['Dadaism', 'Expressionism', 'Bohemian']",5,1
795,1324,1,3,1,1,2,1,1,1,1,2,"['Surrealism', 'Expressionism']",8,0
796,1135,5,2,0,1,2,0,1,1,0,1,"['Abstract', 'Impressionism', 'Dadaism']",9,1
797,1352,3,3,1,2,0,2,1,0,0,0,"['Abstract', 'Cubism', 'Impressionism']",12,1
798,1291,2,1,1,0,1,1,1,0,0,1,"['Rave', 'Cubism', 'Psychedelic']",12,0
799,1781,5,1,2,1,2,1,2,1,1,0,['Conceptual'],3,0
800,1587,0,3,2,1,1,0,2,0,1,0,['Trippy'],4,1
801,2214,2,0,1,0,1,1,0,0,0,0,['Pop Art'],13,1
802,2755,2,3,0,2,0,2,2,0,1,0,"['Rave', 'Impressionism']",5,0
803,750,2,3,3,0,1,0,1,0,2,2,"['Minimalist', 'Bohemian']",12,0
804,557,5,1,1,2,2,1,2,1,1,1,['Conceptual'],10,1
805,1944,0,3,1,1,2,0,1,0,0,0,"['Expressionism', 'Trippy']",14,0
806,370,4,3,4,0,2,2,0,1,2,0,['Pop Art'],15,1
807,1281,2,0,2,0,0,2,1,0,0,0,['Expressionism'],14,0
808,2329,2,3,4,1,1,0,1,0,1,1,"['Rave', 'Impressionism']",8,1
809,2915,1,0,3,0,1,1,2,1,0,2,['Dadaism'],5,0
810,2330,4,2,3,1,1,1,0,1,0,2,"['Dadaism', 'Trippy', 'Expressionism']",15,0
811,552,3,1,0,0,2,1,0,1,0,0,"['Impressionism', 'Expressionism', 'Cubism']",14,1
812,442,4,0,2,1,2,2,1,0,2,2,"['Expressionism', 'Psychedelic']",15,1
813,2129,4,1,3,0,2,1,2,0,0,0,"['Realism', 'Conceptual']",14,1
814,1952,5,0,3,0,1,2,0,1,0,1,"['Cubism', 'Abstract']",10,1
815,2795,3,3,0,2,0,2,1,0,0,1,"['Realism', 'Bohemian', 'Conceptual']",13,1
816,2210,1,2,1,1,1,2,0,1,0,0,['Pop Art'],7,0
817,2790,2,2,2,1,2,2,0,1,2,1,['Expressionism'],8,1
818,852,4,1,2,2,0,1,1,0,2,2,"['Expressionism', 'Cubism']",8,1
819,2251,5,1,1,1,1,1,1,0,1,2,['Minimalist'],4,1
820,1707,0,2,3,0,2,0,1,1,1,0,"['Abstract', 'Bohemian']",14,1
821,1785,1,2,3,2,2,1,2,0,0,2,"['Trippy', 'Dadaism', 'Psychedelic']",12,1
822,1838,2,0,2,1,1,0,1,1,1,0,['Abstract'],4,1
823,2353,5,0,2,1,1,2,0,1,0,2,"['Surrealism', 'Futurism']",6,1
824,246,4,2,0,2,1,2,2,0,1,0,"['Pop Art', 'Cubism']",13,1
825,2899,0,3,4,0,2,1,1,0,2,1,"['Minimalist', 'Pop Art']",9,1
826,2953,1,1,1,2,2,2,2,1,0,1,['Realism'],11,1
827,2715,2,3,2,1,0,2,1,1,0,1,"['Minimalist', 'Cubism']",6,1
828,146,4,2,2,1,0,2,1,1,1,0,['Pop Art'],6,0
829,1131,5,1,1,2,0,0,2,1,1,1,"['Futurism', 'Bohemian']",14,0
830,141,3,1,3,0,1,0,1,1,2,0,"['Impressionism', 'Rave', 'Abstract']",7,0
831,1061,1,3,4,1,2,1,0,0,2,0,['Minimalist'],6,1
832,1043,4,1,0,2,1,1,2,0,1,2,"['Trippy', 'Futurism', 'Bohemian']",5,0
833,698,3,3,3,2,0,1,2,1,1,1,"['Dadaism', 'Conceptual']",14,1
834,2011,5,0,2,2,1,2,2,0,0,0,"['Cubism', 'Surrealism']",11,0
835,629,0,1,3,2,0,2,1,1,0,1,"['Minimalist', 'Conceptual', 'Impressionism']",10,1
836,2012,5,1,4,0,2,2,1,1,2,0,"['Abstract', 'Cubism', 'Trippy']",3,0
837,2324,0,2,1,2,2,2,0,0,2,2,"['Pop Art', 'Surrealism', 'Dadaism']",8,1
838,1450,1,1,2,1,1,2,0,0,0,1,['Realism'],6,1
839,1659,4,3,4,0,2,2,0,0,1,0,"['Abstract', 'Cubism', 'Realism']",10,1
840,1904,2,0,3,1,2,1,1,1,2,2,"['Abstract', 'Bohemian', 'Minimalist']",9,1
841,2943,1,0,2,2,2,2,1,0,1,0,"['Cubism', 'Futurism', 'Abstract']",13,1
842,1975,3,0,2,1,1,1,0,1,2,0,['Surrealism'],6,0
843,1930,5,0,3,0,2,1,0,1,2,1,"['Trippy', 'Minimalist', 'Rave']",11,1
844,2312,5,2,0,2,1,0,2,1,2,2,"['Surrealism', 'Conceptual', 'Realism']",9,1
845,2412,1,1,1,0,2,0,0,1,1,1,"['Dadaism', 'Bohemian']",3,1
846,2609,1,1,1,0,0,1,0,0,0,2,['Futurism'],8,0
847,1816,4,3,3,2,2,2,2,0,2,2,"['Rave', 'Dadaism', 'Conceptual']",7,0
848,711,1,1,4,0,0,2,0,0,0,0,"['Rave', 'Trippy']",13,1
849,1522,5,0,4,0,1,0,2,0,1,2,"['Cubism', 'Conceptual', 'Realism']",9,0
850,661,4,2,0,0,2,2,1,1,2,1,"['Impressionism', 'Abstract', 'Pop Art']",4,0
851,2943,0,2,1,1,1,0,0,0,1,0,"['Psychedelic', 'Bohemian']",3,0
852,1916,4,2,4,2,1,0,0,1,2,1,['Bohemian'],15,0
853,2441,3,2,3,2,2,2,2,1,0,1,['Rave'],4,0
854,110,4,2,4,1,0,0,1,1,2,2,"['Futurism', 'Abstract', 'Pop Art']",11,1
855,1833,0,0,4,1,0,1,0,0,1,0,['Abstract'],12,1
856,641,3,0,2,0,0,1,2,1,2,0,"['Surrealism', 'Realism', 'Cubism']",9,0
857,2250,0,3,1,1,2,0,2,0,2,1,"['Pop Art', 'Trippy']",15,0
858,2274,5,0,4,0,1,1,0,1,0,2,['Pop Art'],5,1
859,1329,2,1,2,2,1,1,2,1,1,2,"['Rave', 'Trippy', 'Bohemian']",11,1
860,2806,1,3,2,0,1,1,0,0,1,1,['Conceptual'],13,0
861,1216,1,0,0,0,1,1,2,1,2,2,"['Conceptual', 'Pop Art']",4,0
862,1899,0,3,3,0,1,2,2,1,0,0,"['Psychedelic', 'Expressionism']",10,1
863,997,1,2,2,1,2,1,0,0,0,0,"['Conceptual', 'Expressionism', 'Trippy']",5,0
864,117,1,2,4,1,0,1,0,1,2,1,"['Expressionism', 'Dadaism']",9,0
865,700,2,1,3,1,1,1,2,1,1,1,"['Impressionism', 'Expressionism', 'Rave']",13,1
866,2223,5,1,4,1,0,0,0,1,2,1,['Realism'],13,0
867,2262,5,0,4,2,1,1,1,1,2,1,"['Expressionism', 'Conceptual']",3,0
868,1410,2,1,4,1,1,2,1,1,2,2,"['Psychedelic', 'Impressionism']",13,1
869,658,0,0,2,2,0,2,0,0,2,0,"['Rave', 'Minimalist', 'Abstract']",14,1
870,2915,3,2,3,1,2,2,1,1,0,0,"['Bohemian', 'Futurism']",12,1
871,355,4,1,1,1,0,1,1,0,0,1,"['Surrealism', 'Impressionism', 'Dadaism']",5,0
872,727,4,3,1,0,0,0,1,1,0,0,"['Expressionism', 'Cubism']",6,1
873,2632,0,1,2,2,1,2,2,0,1,2,"['Minimalist', 'Dadaism', 'Trippy']",4,0
874,2232,5,3,2,0,0,0,1,1,1,1,"['Minimalist', 'Cubism']",8,1
875,2455,1,1,1,1,0,1,1,0,0,2,"['Psychedelic', 'Dadaism']",7,0
876,2290,4,2,2,0,0,0,2,1,2,2,['Abstract'],5,0
877,161,3,3,2,0,2,1,0,1,2,1,"['Bohemian', 'Trippy']",9,1
878,2775,0,2,0,1,1,2,1,0,1,1,"['Minimalist', 'Impressionism', 'Rave']",14,0
879,2673,1,2,0,0,1,2,2,1,1,0,"['Conceptual', 'Bohemian', 'Surrealism']",10,0
880,877,0,2,4,0,1,0,0,1,0,0,"['Surrealism', 'Expressionism']",10,0
881,1992,3,1,4,1,0,0,1,0,1,0,"['Dadaism', 'Expressionism', 'Surrealism']",13,1
882,906,4,1,2,0,1,0,0,1,1,1,['Expressionism'],13,1
883,2183,4,2,0,2,2,1,0,0,1,1,"['Abstract', 'Surrealism']",5,0
884,1078,1,3,4,0,2,2,2,1,0,2,['Dadaism'],12,0
885,2201,3,2,1,0,1,1,0,0,0,2,['Abstract'],10,0
886,1088,4,2,0,1,2,0,2,0,0,0,"['Expressionism', 'Bohemian']",3,0
887,2794,4,0,0,1,1,0,2,0,2,2,"['Dadaism', 'Trippy', 'Rave']",7,1
888,941,3,3,4,2,2,2,1,0,1,2,"['Trippy', 'Minimalist']",4,0
889,252,4,0,0,1,2,0,2,1,0,2,"['Futurism', 'Bohemian', 'Expressionism']",11,1
890,468,5,2,1,2,0,0,2,0,0,1,"['Realism', 'Bohemian']",11,1
891,119,4,3,0,2,1,0,0,1,1,2,"['Futurism', 'Realism']",15,0
892,184,2,0,4,2,1,0,0,1,1,0,['Surrealism'],13,1
893,207,2,3,0,2,0,1,1,1,2,1,"['Realism', 'Expressionism']",6,0
894,2617,1,2,1,2,1,2,0,1,0,1,"['Psychedelic', 'Bohemian']",8,0
895,2937,2,3,0,0,0,2,2,1,2,1,"['Futurism', 'Trippy', 'Expressionism']",15,1
896,955,3,2,4,1,1,0,0,0,0,2,['Futurism'],14,1
897,406,1,1,4,0,2,2,2,1,2,0,"['Impressionism', 'Realism']",6,1
898,338,0,0,4,0,0,2,2,1,0,2,"['Surrealism', 'Realism', 'Conceptual']",7,1
899,1662,3,3,2,2,1,0,1,0,1,2,"['Impressionism', 'Trippy']",11,1
900,2780,4,1,1,1,2,0,0,1,2,0,['Rave'],10,0
901,1944,5,3,4,1,0,2,2,0,1,2,"['Rave', 'Minimalist']",14,1
902,273,0,2,2,1,2,2,0,0,2,0,"['Expressionism', 'Pop Art', 'Futurism']",9,1
903,2768,4,3,2,0,1,0,2,1,2,0,"['Minimalist', 'Abstract']",4,0
904,1640,0,3,1,2,1,1,0,0,0,0,"['Abstract', 'Rave']",10,0
905,2036,1,1,1,2,1,2,1,1,0,0,['Dadaism'],8,0
906,1266,4,0,0,2,0,2,1,1,0,1,"['Minimalist', 'Pop Art']",14,0
907,2583,0,2,1,1,0,2,1,0,0,0,"['Realism', 'Abstract', 'Surrealism']",15,0
908,1743,2,0,0,0,2,0,1,0,1,0,"['Cubism', 'Rave']",14,1
909,1919,1,3,3,0,1,0,0,1,0,2,"['Abstract', 'Realism']",14,0
910,1523,2,2,2,0,2,1,1,0,1,1,['Surrealism'],6,0
911,1595,0,3,0,2,2,0,2,0,0,2,"['Cubism', 'Psychedelic']",12,1
912,252,5,3,1,0,2,0,2,1,1,0,"['Futurism', 'Pop Art', 'Abstract']",15,1
913,2357,5,0,3,1,1,0,0,0,2,2,"['Expressionism', 'Abstract', 'Realism']",7,0
914,134,5,0,0,0,1,2,2,0,1,1,"['Futurism', 'Pop Art']",3,1
915,1212,4,0,1,0,1,0,0,0,1,2,"['Realism', 'Trippy', 'Surrealism']",11,0
916,2715,1,0,2,2,0,0,1,0,0,1,"['Surrealism', 'Realism']",12,0
917,522,3,2,3,0,2,2,2,1,0,2,"['Pop Art', 'Minimalist', 'Rave']",14,1
918,1403,1,2,2,0,0,2,2,1,2,2,"['Minimalist', 'Cubism', 'Bohemian']",10,1
919,2744,2,1,4,2,2,2,1,0,2,1,"['Bohemian', 'Impressionism']",13,1
920,1787,4,1,0,2,2,0,2,1,2,1,"['Minimalist', 'Realism', 'Abstract']",10,1
921,1642,0,1,2,1,2,0,0,0,0,2,"['Psychedelic', 'Futurism']",15,0
922,884,3,3,4,1,0,1,0,1,0,1,"['Minimalist', 'Impressionism']",9,1
923,302,5,0,3,2,0,2,2,0,2,1,"['Psychedelic', 'Futurism']",11,0
924,1346,0,1,1,1,1,0,2,0,1,1,['Pop Art'],6,1
925,2173,5,2,0,2,0,2,1,0,1,0,"['Impressionism', 'Conceptual', 'Bohemian']",13,1
926,724,3,3,0,2,2,1,1,0,0,1,['Dadaism'],12,0
927,700,5,0,3,1,2,0,0,1,1,0,"['Trippy', 'Minimalist', 'Expressionism']",13,0
928,810,1,0,1,0,1,2,2,0,2,2,"['Minimalist', 'Rave']",5,0
929,2111,0,2,1,0,2,2,0,0,1,0,"['Surrealism', 'Rave']",15,1
930,2862,5,2,4,1,2,0,2,0,0,0,"['Futurism', 'Trippy', 'Cubism']",6,1
931,1242,1,1,0,1,0,0,0,1,1,0,"['Trippy', 'Psychedelic']",7,1
932,1646,4,1,0,1,1,1,1,1,0,0,"['Psychedelic', 'Abstract', 'Minimalist']",8,1
933,2131,3,0,2,0,0,1,0,1,0,0,"['Bohemian', 'Conceptual']",4,1
934,2112,1,3,0,1,0,0,0,0,1,1,"['Surrealism', 'Trippy']",10,0
935,618,0,0,4,1,1,2,2,1,2,1,['Conceptual'],3,0
936,2505,2,2,4,1,2,1,2,0,0,2,"['Pop Art', 'Conceptual', 'Trippy']",14,0
937,2078,3,0,0,0,0,2,2,0,2,2,['Realism'],13,1
938,2307,5,1,1,1,2,2,1,0,1,0,['Psychedelic'],3,1
939,2740,5,1,1,2,2,0,2,1,0,0,['Cubism'],9,1
940,1137,3,2,0,1,2,0,0,0,0,2,['Surrealism'],15,0
941,1599,5,2,3,1,1,2,0,0,2,1,"['Bohemian', 'Minimalist']",5,0
942,2163,1,0,4,1,2,0,2,0,1,2,"['Trippy', 'Expressionism', 'Surrealism']",11,0
943,394,0,0,4,1,0,1,0,0,0,1,"['Futurism', 'Psychedelic']",3,0
944,2577,3,2,0,0,1,1,2,0,2,0,['Realism'],5,0
945,2252,2,2,3,0,0,0,1,1,1,2,"['Rave', 'Trippy', 'Impressionism']",4,1
946,1309,4,1,4,1,0,1,0,0,0,0,"['Psychedelic', 'Trippy']",12,0
947,239,1,3,1,2,1,1,0,0,2,1,['Conceptual'],7,1
948,2750,3,1,0,2,1,0,2,0,1,1,"['Bohemian', 'Pop Art']",7,1
949,1978,4,2,3,2,1,2,1,1,2,2,['Psychedelic'],13,0
950,1584,1,1,1,2,2,1,1,1,0,0,"['Surrealism', 'Impressionism', 'Cubism']",15,1
951,2962,2,0,3,0,2,2,1,0,2,0,"['Psychedelic', 'Trippy', 'Dadaism']",7,0
952,2145,5,0,1,2,1,2,1,1,2,0,"['Pop Art', 'Minimalist', 'Dadaism']",15,1
953,491,2,0,2,0,2,2,1,0,0,2,"['Cubism', 'Trippy']",9,0
954,327,1,0,2,1,2,1,1,1,1,1,"['Cubism', 'Dadaism', 'Trippy']",13,1
955,863,3,1,1,0,1,0,0,1,1,1,"['Surrealism', 'Abstract']",6,0
956,2451,4,2,3,1,2,2,2,1,0,2,['Surrealism'],11,0
957,859,2,0,1,1,1,2,0,0,0,0,"['Cubism', 'Conceptual', 'Bohemian']",10,1
958,2089,4,3,1,2,1,0,2,0,0,1,"['Rave', 'Surrealism']",8,0
959,2789,3,0,3,1,1,1,0,1,0,0,"['Abstract', 'Expressionism', 'Trippy']",8,1
960,2313,2,1,4,2,2,0,2,1,0,0,"['Psychedelic', 'Rave', 'Dadaism']",12,0
961,1492,4,0,1,0,1,2,1,0,2,2,"['Conceptual', 'Surrealism']",12,0
962,2901,3,2,0,2,0,0,2,0,1,2,"['Surrealism', 'Bohemian']",12,0
963,1700,1,1,4,1,1,0,0,0,1,1,"['Minimalist', 'Bohemian']",7,0
964,1082,3,3,1,2,1,0,1,0,1,0,"['Conceptual', 'Expressionism']",7,1
965,2433,4,0,1,2,0,1,2,1,2,0,"['Expressionism', 'Cubism', 'Minimalist']",15,1
966,403,3,2,4,0,0,1,0,0,2,0,"['Bohemian', 'Rave']",4,1
967,546,0,3,1,0,0,2,0,1,0,2,['Impressionism'],15,1
968,1088,1,1,3,2,2,0,1,0,2,1,"['Abstract', 'Cubism']",15,1
969,2524,2,0,2,0,0,0,1,1,2,2,"['Minimalist', 'Pop Art', 'Trippy']",4,1
970,1182,3,3,3,2,2,2,1,1,0,1,"['Bohemian', 'Minimalist', 'Psychedelic']",14,1
971,1145,2,2,1,1,0,0,1,0,1,0,"['Minimalist', 'Pop Art']",3,0
972,157,5,3,2,1,1,2,2,1,0,2,['Pop Art'],13,1
973,257,4,2,4,1,1,2,1,0,1,0,"['Impressionism', 'Abstract']",13,1
974,2620,0,1,4,0,0,1,0,0,1,0,"['Cubism', 'Rave', 'Surrealism']",13,1
975,1178,5,3,4,0,2,2,1,1,0,0,"['Abstract', 'Expressionism', 'Pop Art']",3,1
976,228,5,2,4,2,2,2,0,0,0,0,['Dadaism'],4,1
977,1085,0,2,4,0,1,2,1,1,2,2,"['Surrealism', 'Abstract']",7,1
978,2573,4,2,4,1,2,0,2,0,2,1,"['Bohemian', 'Conceptual']",4,0
979,1857,1,2,0,2,0,0,2,1,2,0,"['Surrealism', 'Rave', 'Minimalist']",14,0
980,1167,1,3,4,0,2,0,2,1,0,0,"['Surrealism', 'Expressionism']",9,1
981,1400,5,3,4,1,2,2,1,0,0,2,"['Cubism', 'Bohemian']",11,0
982,2033,2,0,4,2,0,2,2,1,2,0,['Pop Art'],9,1
983,2498,3,1,1,0,1,0,0,0,1,1,"['Impressionism', 'Rave']",15,1
984,1530,2,2,0,1,1,0,1,1,0,2,['Psychedelic'],14,1
985,901,0,3,2,2,1,2,0,0,0,0,['Conceptual'],7,0
986,1406,0,0,3,1,0,1,0,1,2,1,"['Conceptual', 'Realism', 'Expressionism']",13,1
987,2256,2,3,0,2,0,1,2,1,2,0,"['Abstract', 'Bohemian']",12,0
988,1926,3,3,0,0,1,1,1,0,2,2,"['Bohemian', 'Impressionism']",13,0
989,2630,0,0,1,1,1,1,0,0,1,1,"['Expressionism', 'Surrealism', 'Conceptual']",12,0
990,1587,2,2,1,1,1,2,0,1,0,0,"['Abstract', 'Bohemian', 'Expressionism']",4,0
991,1871,2,1,4,0,2,0,1,0,2,1,"['Rave', 'Bohemian', 'Cubism']",13,1
992,802,3,3,4,2,1,1,2,1,1,2,['Expressionism'],7,0
993,1345,1,1,1,0,0,2,1,1,2,0,"['Trippy', 'Dadaism']",8,1
994,1933,2,1,4,1,0,0,2,1,0,2,"['Impressionism', 'Pop Art', 'Psychedelic']",14,1
995,2092,2,0,0,2,1,2,0,1,0,0,"['Bohemian', 'Cubism', 'Realism']",15,1
996,178,5,3,3,2,1,0,0,0,0,1,['Bohemian'],8,0
997,414,1,1,2,1,1,0,2,0,2,1,"['Realism', 'Impressionism']",3,0
998,2539,0,2,1,2,1,0,0,0,2,2,['Trippy'],6,1
999,2628,0,0,0,0,1,2,0,1,0,0,"['Conceptual', 'Bohemian']",9,1
1000,1530,3,2,0,1,0,0,1,1,1,0,['Abstract'],3,0
